<favourites>
	<favourite name="TSN 2" thumb="special://home/Backgrounds/Colour Logo Pack/TSN 2 HD.png">SF_MANUAL_CMD_31</favourite>
	<favourite name="--------------------------------" thumb="">SF_MANUAL_CMD_8</favourite>
	<favourite name="Link 1" thumb="special://home/addons/plugin.video.CanTVLive/icons//tsn_2.png">PlayMedia(&quot;http://ams-lp7.9c9media.com/hls-live/livepkgr/_definst_/liveeventNoDRM/TSN2Open8.m3u8?sf_options=winID%3D10025%26_options_sf&quot;)</favourite>
	<favourite name="TSN 2 (Canada)" thumb="http://repository.bbtsip.tv/Logos/SPORTS/BBTS_TSN.png">PlayMedia(&quot;http://ams-lp7.9c9media.com/hls-live/livepkgr/_definst_/liveeventNoDRM/TSN2Open8.m3u8?b?b*t$&amp;sf_options=fanart%3Dhttp%3A%2F%2Frepository.bbtsip.tv%2FLogos%2FFolders%2Fsports.jpg%26winID%3D10025%26_options_sf&quot;)</favourite>
</favourites>