<favourites>
	<favourite name="Genres" thumb="special://home/addons\plugin.video.genesis\resources/art\metro\genres_shows.jpg">ActivateWindow(10025,&quot;plugin://plugin.video.genesis/?action=genres_shows&amp;sf_options=fanart%3Dspecial%3A%2F%2Fhome%2Faddons%5Cplugin.video.genesis%5Cresources%2Fart%5Cmetro%5Cfanart.jpg%26_options_sf&quot;,return)</favourite>
	<favourite name="Most Popular" thumb="special://home/addons\plugin.video.genesis\resources/art\metro\shows_popular.jpg">ActivateWindow(10025,&quot;plugin://plugin.video.genesis/?action=shows_popular&amp;sf_options=fanart%3Dspecial%3A%2F%2Fhome%2Faddons%5Cplugin.video.genesis%5Cresources%2Fart%5Cmetro%5Cfanart.jpg%26_options_sf&quot;,return)</favourite>
	<favourite name="Returning TV Shows" thumb="special://home/addons\plugin.video.genesis\resources/art\metro\shows_active.jpg">ActivateWindow(10025,&quot;plugin://plugin.video.genesis/?action=shows_active&amp;sf_options=fanart%3Dspecial%3A%2F%2Fhome%2Faddons%5Cplugin.video.genesis%5Cresources%2Fart%5Cmetro%5Cfanart.jpg%26_options_sf&quot;,return)</favourite>
	<favourite name="People Watching" thumb="special://home/addons\plugin.video.genesis\resources/art\metro\shows_trending.jpg">ActivateWindow(10025,&quot;plugin://plugin.video.genesis/?action=shows_trending&amp;sf_options=fanart%3Dspecial%3A%2F%2Fhome%2Faddons%5Cplugin.video.genesis%5Cresources%2Fart%5Cmetro%5Cfanart.jpg%26_options_sf&quot;,return)</favourite>
	<favourite name="Highly Rated" thumb="special://home/addons\plugin.video.genesis\resources/art\metro\shows_rating.jpg">ActivateWindow(10025,&quot;plugin://plugin.video.genesis/?action=shows_rating&amp;sf_options=fanart%3Dspecial%3A%2F%2Fhome%2Faddons%5Cplugin.video.genesis%5Cresources%2Fart%5Cmetro%5Cfanart.jpg%26_options_sf&quot;,return)</favourite>
	<favourite name="Most Voted" thumb="special://home/addons\plugin.video.genesis\resources/art\metro\shows_views.jpg">ActivateWindow(10025,&quot;plugin://plugin.video.genesis/?action=shows_views&amp;sf_options=fanart%3Dspecial%3A%2F%2Fhome%2Faddons%5Cplugin.video.genesis%5Cresources%2Fart%5Cmetro%5Cfanart.jpg%26_options_sf&quot;,return)</favourite>
	<favourite name="Latest Episodes" thumb="special://home/addons\plugin.video.genesis\resources/art\metro\episodes_added.jpg">ActivateWindow(10025,&quot;plugin://plugin.video.genesis/?action=episodes_added&amp;sf_options=fanart%3Dspecial%3A%2F%2Fhome%2Faddons%5Cplugin.video.genesis%5Cresources%2Fart%5Cmetro%5Cfanart.jpg%26_options_sf&quot;,return)</favourite>
	<favourite name="People Search" thumb="special://home/addons\plugin.video.genesis\resources/art\metro\people_shows.jpg">ActivateWindow(10025,&quot;plugin://plugin.video.genesis/?action=people_shows&amp;sf_options=fanart%3Dspecial%3A%2F%2Fhome%2Faddons%5Cplugin.video.genesis%5Cresources%2Fart%5Cmetro%5Cfanart.jpg%26_options_sf&quot;,return)</favourite>
	<favourite name="Title Search" thumb="special://home/addons\plugin.video.genesis\resources/art\metro\shows_search.jpg">ActivateWindow(10025,&quot;plugin://plugin.video.genesis/?action=shows_search&amp;sf_options=fanart%3Dspecial%3A%2F%2Fhome%2Faddons%5Cplugin.video.genesis%5Cresources%2Fart%5Cmetro%5Cfanart.jpg%26_options_sf&quot;,return)</favourite>
</favourites>