<favourites>
	<favourite name="SportTime TV 1 (Germany)" thumb="http://repository.bbtsip.tv/Logos/SPORTS/BBTS_sport_time_tv.png">PlayMedia(&quot;rtmp://streamer.a1.net:1935/rtmplive/redundant/channels/Sporttime/SporttimeTV/mp4:channel1_1200?sf_options=fanart%3Dhttp%3A%2F%2Frepository.bbtsip.tv%2FLogos%2FFolders%2Fsports.jpg%26winID%3D10025%26_options_sf&quot;)</favourite>
	<favourite name="SportTime TV 2 (Germany)" thumb="http://repository.bbtsip.tv/Logos/SPORTS/BBTS_sport_time_tv.png">PlayMedia(&quot;rtmp://streamer.a1.net:1935/rtmplive/redundant/channels/Sporttime/SporttimeTV/mp4:channel2_1200?sf_options=fanart%3Dhttp%3A%2F%2Frepository.bbtsip.tv%2FLogos%2FFolders%2Fsports.jpg%26winID%3D10025%26_options_sf&quot;)</favourite>
	<favourite name="SportTime TV 3 (Germany)" thumb="http://repository.bbtsip.tv/Logos/SPORTS/BBTS_sport_time_tv.png">PlayMedia(&quot;rtmp://streamer.a1.net:1935/rtmplive/redundant/channels/Sporttime/SporttimeTV/mp4:channel3_1200?sf_options=fanart%3Dhttp%3A%2F%2Frepository.bbtsip.tv%2FLogos%2FFolders%2Fsports.jpg%26winID%3D10025%26_options_sf&quot;)</favourite>
	<favourite name="SportTime TV 4 (Germany)" thumb="http://repository.bbtsip.tv/Logos/SPORTS/BBTS_sport_time_tv.png">PlayMedia(&quot;rtmp://streamer.a1.net:1935/rtmplive/redundant/channels/Sporttime/SporttimeTV/mp4:channel4_1200?sf_options=fanart%3Dhttp%3A%2F%2Frepository.bbtsip.tv%2FLogos%2FFolders%2Fsports.jpg%26winID%3D10025%26_options_sf&quot;)</favourite>
	<favourite name="SportTime TV 5 (Germany)" thumb="http://repository.bbtsip.tv/Logos/SPORTS/BBTS_sport_time_tv.png">PlayMedia(&quot;rtmp://streamer.a1.net:1935/rtmplive/redundant/channels/Sporttime/SporttimeTV/mp4:channel5_1200?sf_options=fanart%3Dhttp%3A%2F%2Frepository.bbtsip.tv%2FLogos%2FFolders%2Fsports.jpg%26winID%3D10025%26_options_sf&quot;)</favourite>
	<favourite name="SportTime TV 6 (Germany)" thumb="http://repository.bbtsip.tv/Logos/SPORTS/BBTS_sport_time_tv.png">PlayMedia(&quot;rtmp://streamer.a1.net:1935/rtmplive/redundant/channels/Sporttime/SporttimeTV/mp4:channel6_1200?sf_options=fanart%3Dhttp%3A%2F%2Frepository.bbtsip.tv%2FLogos%2FFolders%2Fsports.jpg%26winID%3D10025%26_options_sf&quot;)</favourite>
	<favourite name="SportTime TV 7 (Germany)" thumb="http://repository.bbtsip.tv/Logos/SPORTS/BBTS_sport_time_tv.png">PlayMedia(&quot;rtmp://streamer.a1.net:1935/rtmplive/redundant/channels/Sporttime/SporttimeTV/mp4:channel7_1200?sf_options=fanart%3Dhttp%3A%2F%2Frepository.bbtsip.tv%2FLogos%2FFolders%2Fsports.jpg%26winID%3D10025%26_options_sf&quot;)</favourite>
</favourites>