<favourites>
	<favourite name="Best New Music Videos" thumb="http://kinkin-xbmc-repository.googlecode.com/svn/trunk/zips/plugin.audio.binaural/art/artists.jpg">ActivateWindow(10025,&quot;plugin://plugin.audio.binaural/?artist=n&amp;iconimage=http%3a%2f%2fkinkin-xbmc-repository.googlecode.com%2fsvn%2ftrunk%2fzips%2fplugin.audio.binaural%2fart%2fartists.jpg&amp;mode=1302&amp;name=Best%20New%20Music%20Videos&amp;url=http%3a%2f%2fimvdb.com%2fpicks&amp;sf_options=fanart%3Dspecial%3A%2F%2Fhome%2Faddons%5Cplugin.audio.binaural%5Cfanart.jpg%26_options_sf&quot;,return)</favourite>
	<favourite name="New Releases" thumb="http://kinkin-xbmc-repository.googlecode.com/svn/trunk/zips/plugin.audio.binaural/art/artists.jpg">ActivateWindow(10025,&quot;plugin://plugin.audio.binaural/?artist=n&amp;iconimage=http%3a%2f%2fkinkin-xbmc-repository.googlecode.com%2fsvn%2ftrunk%2fzips%2fplugin.audio.binaural%2fart%2fartists.jpg&amp;mode=1302&amp;name=New%20Releases&amp;url=http%3a%2f%2fimvdb.com%2fnew&amp;sf_options=fanart%3Dspecial%3A%2F%2Fhome%2Faddons%5Cplugin.audio.binaural%5Cfanart.jpg%26_options_sf&quot;,return)</favourite>
	<favourite name="Most Viewed Videos" thumb="http://kinkin-xbmc-repository.googlecode.com/svn/trunk/zips/plugin.audio.binaural/art/artists.jpg">ActivateWindow(10025,&quot;plugin://plugin.audio.binaural/?artist=n&amp;iconimage=http%3a%2f%2fkinkin-xbmc-repository.googlecode.com%2fsvn%2ftrunk%2fzips%2fplugin.audio.binaural%2fart%2fartists.jpg&amp;mode=1303&amp;name=Most%20Viewed%20Videos&amp;url=url&amp;sf_options=fanart%3Dspecial%3A%2F%2Fhome%2Faddons%5Cplugin.audio.binaural%5Cfanart.jpg%26_options_sf&quot;,return)</favourite>
	<favourite name="Videos by Release Date" thumb="http://kinkin-xbmc-repository.googlecode.com/svn/trunk/zips/plugin.audio.binaural/art/artists.jpg">ActivateWindow(10025,&quot;plugin://plugin.audio.binaural/?artist&amp;iconimage=http%3a%2f%2fkinkin-xbmc-repository.googlecode.com%2fsvn%2ftrunk%2fzips%2fplugin.audio.binaural%2fart%2fartists.jpg&amp;mode=1307&amp;name=Videos%20by%20Release%20Date&amp;url=http%3a%2f%2fimvdb.com%2fcalendar&amp;sf_options=fanart%3Dspecial%3A%2F%2Fhome%2Faddons%5Cplugin.audio.binaural%5Cfanart.jpg%26_options_sf&quot;,return)</favourite>
	<favourite name="Videos by Country" thumb="http://kinkin-xbmc-repository.googlecode.com/svn/trunk/zips/plugin.audio.binaural/art/artists.jpg">ActivateWindow(10025,&quot;plugin://plugin.audio.binaural/?artist&amp;iconimage=http%3a%2f%2fkinkin-xbmc-repository.googlecode.com%2fsvn%2ftrunk%2fzips%2fplugin.audio.binaural%2fart%2fartists.jpg&amp;mode=1311&amp;name=Videos%20by%20Country&amp;url=http%3a%2f%2fimvdb.com%2fcountry&amp;sf_options=fanart%3Dspecial%3A%2F%2Fhome%2Faddons%5Cplugin.audio.binaural%5Cfanart.jpg%26_options_sf&quot;,return)</favourite>
	<favourite name="Genres (Popular/New Releases)" thumb="http://kinkin-xbmc-repository.googlecode.com/svn/trunk/zips/plugin.audio.binaural/art/searchartists.jpg">ActivateWindow(10025,&quot;plugin://plugin.audio.binaural/?artist=n&amp;iconimage=http%3a%2f%2fkinkin-xbmc-repository.googlecode.com%2fsvn%2ftrunk%2fzips%2fplugin.audio.binaural%2fart%2fsearchartists.jpg&amp;mode=1304&amp;name=Genres%20(Popular%2fNew%20Releases)&amp;url=http%3a%2f%2fimvdb.com%2fgenres&amp;sf_options=fanart%3Dspecial%3A%2F%2Fhome%2Faddons%5Cplugin.audio.binaural%5Cfanart.jpg%26_options_sf&quot;,return)</favourite>
	<favourite name="Artist A-Z" thumb="http://kinkin-xbmc-repository.googlecode.com/svn/trunk/zips/plugin.audio.binaural/art/artists_a-z.png">ActivateWindow(10025,&quot;plugin://plugin.audio.binaural/?artist&amp;iconimage=http%3a%2f%2fkinkin-xbmc-repository.googlecode.com%2fsvn%2ftrunk%2fzips%2fplugin.audio.binaural%2fart%2fartists_a-z.png&amp;mode=1312&amp;name=Artist%20A-Z&amp;url=url&amp;sf_options=fanart%3Dspecial%3A%2F%2Fhome%2Faddons%5Cplugin.audio.binaural%5Cfanart.jpg%26_options_sf&quot;,return)</favourite>
	<favourite name="Random Video" thumb="">PlayMedia(&quot;plugin://plugin.audio.binaural/?url=http%3A%2F%2Fimvdb.com%2Frandom&amp;mode=1320&amp;name=Random+Video&amp;iconimage=&amp;songname=Random&amp;artist=Random&amp;album=Random&amp;dur=&amp;type=&amp;sf_options=winID%3D10025%26_options_sf&quot;)</favourite>
	<favourite name="Search" thumb="http://kinkin-xbmc-repository.googlecode.com/svn/trunk/zips/plugin.audio.binaural/art/search.png">ActivateWindow(10025,&quot;plugin://plugin.audio.binaural/?artist&amp;iconimage=http%3a%2f%2fkinkin-xbmc-repository.googlecode.com%2fsvn%2ftrunk%2fzips%2fplugin.audio.binaural%2fart%2fsearch.png&amp;mode=1321&amp;name=Search&amp;url=video&quot;,return)</favourite>
	<favourite name="80s" thumb="DefaultPlaylist.png">ActivateWindow(10025,&quot;plugin://plugin.video.80smusicvideos/?mode=300&amp;url=http%3a%2f%2fwww.80smusicvids.com%2f&quot;,return)</favourite>
	<favourite name="UK Music Video Jukebox" thumb="special://home/addons/plugin.video.ukmvjb/icon.png">ActivateWindow(10025,&quot;plugin://plugin.video.ukmvjb/?sf_options=fanart%3Dspecial%3A%2F%2Fhome%2Faddons%2Fplugin.video.ukmvjb%2Ffanart.jpg%26_options_sf&quot;,return)</favourite>
</favourites>