<favourites>
	<favourite name="Sky Sports 5" thumb="special://home/Backgrounds/Colour Logo Pack/Sky Sports 5.png">SF_MANUAL_CMD_27</favourite>
	<favourite name="--------------------------------" thumb="">SF_MANUAL_CMD_8</favourite>
	<favourite name="Sky sport 5" thumb="http://i.ytimg.com/vi/yE4Jxq-3SrM/hqdefault.jpg">PlayMedia(&quot;plugin://plugin.video.Halow/?url=rtmp%3A%2F%2F31.220.0.195%3A80%2Flive+playpath%3Dss5ry+swfUrl%3Dhttp%3A%2F%2Fp.jwpcdn.com%2F6%2F11%2Fjwplayer.flash.swf+pageUrl%3Dhttp%3A%2F%2Freytv.co%2Fembedo.php%3Flive%3Dskysports2%26vw%3D620%26vh%3D490+token%3D%25Zrey%28nKa%40%23Z&amp;mode=3&amp;name=Sky+sport+5&amp;iconimage=http%3A%2F%2Fi.ytimg.com%2Fvi%2FyE4Jxq-3SrM%2Fhqdefault.jpg&amp;description=&amp;sf_options=fanart%3Dhttp%3A%2F%2Fi.ytimg.com%2Fvi%2FyE4Jxq-3SrM%2Fhqdefault.jpg%26winID%3D10025%26_options_sf&quot;)</favourite>
	<favourite name="SKY SPORTS 5 BACK UP" thumb="http://epg.serbianforum.org/logo_znaci/Sky%20Sports%204%20UK.png">PlayMedia(&quot;plugin://plugin.video.RobinHood-PPL-List/?url=rtmp%3A%2F%2F93.158.217.202%3A80%2Flive%2F+playpath%3Dss5ry+token%3D%25Zrey%28nKa%40%23Z+swfUrl%3Dhttp%3A%2F%2Fp.jwpcdn.com%2F6%2F12%2Fjwplayer.flash.swf+live%3D1+timeout%3D13+pageUrl%3Dhttp%3A%2F%2Freytv.co%2F%0D&amp;mode=12&amp;sf_options=fanart%3Dhttp%3A%2F%2Fexcelsiorblackpool.com%2Fwp-content%2Fuploads%2F2013%2F06%2FArsenal-Wallpaper.jpg%26winID%3D10025%26_options_sf&quot;)</favourite>
	<favourite name="Sky Sports 5" thumb="http://epg.serbianforum.org/logo_znaci/Sky%20Sports%205%20UK.png">PlayMedia(&quot;plugin://plugin.video.RobinHood-PPL-List/?url=rtmp%3A%2F%2F31.7.56.254%3A1935%2Fstream%2F+playpath%3D8QaZfLVfC9.stream+swfUrl%3Dhttp%3A%2F%2Fthecdn.04stream.com%2Fp%2Fooolo1.swf+live%3D1+pageUrl%3Dhttp%3A%2F%2Fwww.04stream.com%2Fmagellan+timeout%3D10&amp;mode=12&amp;sf_options=fanart%3Dhttp%3A%2F%2Ffc09.deviantart.net%2Ffs70%2Ff%2F2012%2F009%2F6%2F3%2Fgolf_squad___battlefield_funart_by_zerrnichter-d4lvm3u.jpg%26winID%3D10025%26_options_sf&quot;)</favourite>
</favourites>