<favourites>
	<favourite name="Sky Sports 1" thumb="special://home/Backgrounds/Colour Logo Pack/Sky Sports 1.png">SF_MANUAL_CMD_23</favourite>
	<favourite name="--------------------------------" thumb="">SF_MANUAL_CMD_8</favourite>
	<favourite name="SKY SPORTS 1 BACK UP" thumb="http://epg.serbianforum.org/logo_znaci/Sky%20Sports%201%20UK.png">PlayMedia(&quot;plugin://plugin.video.RobinHood-PPL-List/?url=rtmp%3A%2F%2F93.158.217.202%3A80%2Flive%2F+playpath%3Ds1111132+token%3D%25Zrey%28nKa%40%23Z+swfUrl%3Dhttp%3A%2F%2Fp.jwpcdn.com%2F6%2F12%2Fjwplayer.flash.swf+live%3D1+timeout%3D13+pageUrl%3Dhttp%3A%2F%2Freytv.co%2F%0D&amp;mode=12&amp;sf_options=fanart%3Dhttp%3A%2F%2Fexcelsiorblackpool.com%2Fwp-content%2Fuploads%2F2013%2F06%2FArsenal-Wallpaper.jpg%26winID%3D10025%26_options_sf&quot;)</favourite>
	<favourite name="Channel 1 - Sky Sports 1" thumb="">PlayMedia(&quot;rtmp://vdn.sportingstreams.net:443/live playpath=channel2?s=mbxrf&amp;sf_options=winid%3D10001%26winID%3D10025%26_options_sf&quot;)</favourite>
	<favourite name="Sky Sports 1" thumb="http://epg.serbianforum.org/logo_znaci/Sky%20Sports%201%20UK.png">PlayMedia(&quot;plugin://plugin.video.RobinHood-PPL-List/?url=rtmp%3A%2F%2F93.158.217.202%3A80%2Flive%2F+playpath%3Ds1111132+token%3D%25Zrey%28nKa%40%23Z+swfUrl%3Dhttp%3A%2F%2Fp.jwpcdn.com%2F6%2F12%2Fjwplayer.flash.swf+live%3D1+timeout%3D13+pageUrl%3Dhttp%3A%2F%2Freytv.co%2F&amp;mode=12&amp;sf_options=fanart%3Dhttp%3A%2F%2Fstatic.guim.co.uk%2Fsys-images%2FGuardian%2FPix%2FGU_front_gifs%2F2013%2F5%2F10%2F1368215391695%2FBritish-No-1-Heather-Wats-011.jpg%26winID%3D10025%26_options_sf&quot;)</favourite>
</favourites>