<favourites>
	<favourite name="Futb 1" thumb="http://repository.bbtsip.tv/Logos/SPORTS/BBTS_NTV1.png">PlayMedia(&quot;http://s1.edem.tv/iptv/485HVBGQQMPY4R/123/index.m3u8?sf_options=fanart%3Dhttp%3A%2F%2Frepository.bbtsip.tv%2FLogos%2FFolders%2Fsports.jpg%26winID%3D10025%26_options_sf&quot;)</favourite>
	<favourite name="Futb 1 HD (Rus)" thumb="http://repository.bbtsip.tv/Logos/SPORTS/BBTS_NTV1.png">PlayMedia(&quot;rtmp://edge03-07.az.myvideo.az/dvrh264/ntvfootball/ playpath=mp4:ntvfootball swfUrl=http://www.myvideo.az/dvr/dvrManual4.swf?v=1.91 live=1 pageUrl=http://www.myvideo.az/?act=dvr&amp;chan=ntvfootball&amp;sf_options=fanart%3Dhttp%3A%2F%2Frepository.bbtsip.tv%2FLogos%2FFolders%2Fsports.jpg%26winID%3D10025%26_options_sf&quot;)</favourite>
	<favourite name="Futb 2 HD (Rus)" thumb="http://repository.bbtsip.tv/Logos/SPORTS/BBTS_NTV2.png">PlayMedia(&quot;http://46.61.226.18/hls/CH_FUTBALL2HD/bw3000000/variant.m3u8?version=2&amp;sf_options=fanart%3Dhttp%3A%2F%2Frepository.bbtsip.tv%2FLogos%2FFolders%2Fsports.jpg%26winID%3D10025%26_options_sf&quot;)</favourite>
	<favourite name="Futb 3 HD (Rus)" thumb="http://repository.bbtsip.tv/Logos/SPORTS/BBTS_NTV3.png">PlayMedia(&quot;http://46.61.226.18/hls/CH_FUTBALL3HD/bw3000000/variant.m3u8?version=2&amp;sf_options=fanart%3Dhttp%3A%2F%2Frepository.bbtsip.tv%2FLogos%2FFolders%2Fsports.jpg%26winID%3D10025%26_options_sf&quot;)</favourite>
</favourites>