<favourites>
	<favourite name="Sky Sports F1" thumb="special://home/Backgrounds/Colour Logo Pack/Sky Sports F1.png">SF_MANUAL_CMD_28</favourite>
	<favourite name="--------------------------------" thumb="">SF_MANUAL_CMD_8</favourite>
	<favourite name="Link 1" thumb="">PlayMedia(&quot;plugin://plugin.video.RobinHood-PPL-List/?url=rtmp%3A%2F%2F178.18.31.62%3A443%2Fliverepeater+playpath%3D191293+token%3D%23atd%25%23%24ZH+swfUrl%3Dhttp%3A%2F%2Fbernardotv.club%2Ffuckingcopy.swf+live%3D1+timeout%3D13+pageUrl%3Dhttp%3A%2F%2Fbiggestplayer.me%2F%0D&amp;mode=12&amp;sf_options=winID%3D10025%26_options_sf&quot;)</favourite>
	<favourite name="Sky sport F1" thumb="http://i.ytimg.com/vi/yE4Jxq-3SrM/hqdefault.jpg">PlayMedia(&quot;plugin://plugin.video.Halow/?url=rtmp%3A%2F%2F178.18.31.61%3A443%2Fliverepeater+playpath%3D191293+swfUrl%3Dhttp%3A%2F%2Fbernardotv.club%2Fatdedead.swf+pageUrl%3Dhttp%3A%2F%2Fbiggestplayer.me%2Fstreamcr.php%3Fid%3D183055%26width%3D620%26height%3D490+token%3D%23atd%25%23%24ZH&amp;mode=3&amp;name=Sky+sport+F1&amp;iconimage=http%3A%2F%2Fi.ytimg.com%2Fvi%2FyE4Jxq-3SrM%2Fhqdefault.jpg&amp;description=&amp;sf_options=fanart%3Dhttp%3A%2F%2Fi.ytimg.com%2Fvi%2FyE4Jxq-3SrM%2Fhqdefault.jpg%26winID%3D10025%26_options_sf&quot;)</favourite>
	<favourite name="Sky Sports F1" thumb="http://epg.serbianforum.org/logo_znaci/Sky%20Sports%20F1%20UK.png">PlayMedia(&quot;plugin://plugin.video.RobinHood-PPL-List/?url=rtmp%3A%2F%2F178.18.31.62%3A443%2Fliverepeater+playpath%3D191293+token%3D%23atd%25%23%24ZH+swfUrl%3Dhttp%3A%2F%2Fbernardotv.club%2Ffuckingcopy.swf+live%3D1+timeout%3D13+pageUrl%3Dhttp%3A%2F%2Fbiggestplayer.me%2F&amp;mode=12&amp;sf_options=fanart%3Dhttp%3A%2F%2Fstatic.guim.co.uk%2Fsys-images%2FSport%2FPix%2Fpictures%2F2012%2F3%2F12%2F1331562991242%2FSky-Sports-F1-002.jpg%26winID%3D10025%26_options_sf&quot;)</favourite>
</favourites>