<favourites>
	<favourite name="Family Movies" thumb="special://home/userdata/addon_data/script.skinshortcuts/Super Favourites/Family/Screenshot-2015-03-16-19.22.45.jpg">ActivateWindow(10025,&quot;plugin://plugin.video.genesis/?action=movies&amp;url=http%3a%2f%2fwww.imdb.com%2fsearch%2ftitle%3ftitle_type%3dfeature%2ctv_movie%26sort%3dboxoffice_gross_us%26count%3d25%26start%3d1%26genres%3dfamily&amp;sf_options=fanart%3Dspecial%3A%2F%2Fhome%2Fuserdata%2Faddon_data%2Fscript.skinshortcuts%2FSuper+Favourites%2FFamily%2FFamily_BG.jpg%26_options_sf&quot;,return)</favourite>
	<favourite name="Family TV Shows" thumb="special://home/userdata/addon_data/script.skinshortcuts/Super Favourites/Family/TV_Shows.jpg">ActivateWindow(10025,&quot;plugin://plugin.video.genesis/?action=shows&amp;url=http%3a%2f%2fwww.imdb.com%2fsearch%2ftitle%3ftitle_type%3dtv_series%2cmini_series%26sort%3dmoviemeter%2casc%26count%3d25%26start%3d1%26genres%3dfamily&amp;sf_options=fanart%3Dspecial%3A%2F%2Fhome%2Fuserdata%2Faddon_data%2Fscript.skinshortcuts%2FSuper+Favourites%2FFamily%2FFamily_BG.jpg%26_options_sf&quot;,return)</favourite>
	<favourite name="Disney Junior" thumb="special://home/addons\plugin.video.disneyjunior\icon.png">ActivateWindow(10025,&quot;plugin://plugin.video.disneyjunior/?sf_options=fanart%3Dspecial%3A%2F%2Fhome%2Fuserdata%2Faddon_data%2Fscript.skinshortcuts%2FSuper+Favourites%2FFamily%2FFamily_BG.jpg%26_options_sf&quot;,return)</favourite>
	<favourite name="Super Cartoons" thumb="special://home/addons\plugin.video.supercartoons\icon.png">ActivateWindow(10025,&quot;plugin://plugin.video.supercartoons/?sf_options=fanart%3Dspecial%3A%2F%2Fhome%2Fuserdata%2Faddon_data%2Fscript.skinshortcuts%2FSuper+Favourites%2FFamily%2FFamily_BG.jpg%26_options_sf&quot;,return)</favourite>
	<favourite name="CBeebies" thumb="special://home/addons\plugin.video.iplayer\resources\media\cbeebies.png">ActivateWindow(10025,&quot;plugin://plugin.video.iplayer/?feed_channel=cbeebies&amp;listing=list&amp;sf_options=fanart%3Dspecial%3A%2F%2Fhome%2Fuserdata%2Faddon_data%2Fscript.skinshortcuts%2FSuper+Favourites%2FFamily%2FFamily_BG.jpg%26_options_sf&quot;,return)</favourite>
	<favourite name="CBBC" thumb="special://home/addons\plugin.video.iplayer\resources\media\cbbc.png">ActivateWindow(10025,&quot;plugin://plugin.video.iplayer/?feed_channel=cbbc&amp;listing=list&amp;sf_options=fanart%3Dspecial%3A%2F%2Fhome%2Fuserdata%2Faddon_data%2Fscript.skinshortcuts%2FSuper+Favourites%2FFamily%2FFamily_BG.jpg%26_options_sf&quot;,return)</favourite>
	<favourite name="Kidzone" thumb="http://s20.postimg.org/optusf57h/kidzone.png">ActivateWindow(10025,&quot;plugin://plugin.video.phstreams/?mode=ndmode&amp;name=Kidzone&amp;sound&amp;url=http%3a%2f%2fzenica.watchkodi.com%2fGenre%2fkidszone.xml&quot;,return)</favourite>
	<favourite name="Kidz Collectionz" thumb="http://s20.postimg.org/gfuvon34t/Kidz_Collectionz.png">ActivateWindow(10025,&quot;plugin://plugin.video.phstreams/?mode=ndmode&amp;name=Kidz%20Collectionz&amp;sound&amp;url=http%3a%2f%2fzenica.watchkodi.com%2fDirectories%2fKidz%2520Collectionz.xml&quot;,return)</favourite>
	<favourite name="Kids TV Shows" thumb="http://s20.postimg.org/yvwkmmae5/Kids_TV_Shows_256x256.jpg">ActivateWindow(10025,&quot;plugin://plugin.video.phstreams/?mode=ndmode&amp;name=Kids%20TV%20Shows&amp;sound&amp;url=http%3a%2f%2fzenica.watchkodi.com%2fDirectories%2fKids%2520TV%2520Directory.xml&quot;,return)</favourite>
	<favourite name="Cartoonland" thumb="http://i41.tinypic.com/jpa2s0.jpg">ActivateWindow(10025,&quot;plugin://plugin.video.phstreams/?mode=ndmode&amp;name=Cartoonland&amp;sound&amp;url=http%3a%2f%2fzenica.watchkodi.com%2fDirectories%2fCartoonland%2520Directory.xml&quot;,return)</favourite>
	<favourite name="[COLOR cyan].Disney Collection[/COLOR]" thumb="https://lh3.googleusercontent.com/-MLW6NGa8R8M/VIQFhsJEgII/AAAAAAAAAGA/Jmksavv5wJE/s0/Walt-Disney.jpg">ActivateWindow(10025,&quot;plugin://plugin.video.cartoonhd/?description&amp;iconimage=https%3a%2f%2flh3.googleusercontent.com%2f-MLW6NGa8R8M%2fVIQFhsJEgII%2fAAAAAAAAAGA%2fJmksavv5wJE%2fs0%2fWalt-Disney.jpg&amp;mode=1&amp;name=%5bCOLOR%20cyan%5d.Disney%20Collection%5b%2fCOLOR%5d&amp;url=picasa_disneycollection&quot;,return)</favourite>
	<favourite name="[COLOR cyan].Top Cartoon[/COLOR]" thumb="https://lh5.googleusercontent.com/-_OvbaUjJ9yw/VAad_5rzgWI/AAAAAAAAAJA/Mt8pHEWlK58/s0/disney-pixar_00326729.jpg">ActivateWindow(10025,&quot;plugin://plugin.video.cartoonhd/?description&amp;iconimage=https%3a%2f%2flh5.googleusercontent.com%2f-_OvbaUjJ9yw%2fVAad_5rzgWI%2fAAAAAAAAAJA%2fMt8pHEWlK58%2fs0%2fdisney-pixar_00326729.jpg&amp;mode=1&amp;name=%5bCOLOR%20cyan%5d.Top%20Cartoon%5b%2fCOLOR%5d&amp;url=picasa_topcartoon&quot;,return)</favourite>
	<favourite name="Adventure Time" thumb="https://lh4.googleusercontent.com/-P88xHyMFXvw/VIQFONrvLPI/AAAAAAAAABQ/eTG-3Cfeu9A/s0/Adventure_time.rpg.jpg">ActivateWindow(10025,&quot;plugin://plugin.video.cartoonhd/?description&amp;iconimage=https%3a%2f%2flh4.googleusercontent.com%2f-P88xHyMFXvw%2fVIQFONrvLPI%2fAAAAAAAAABQ%2feTG-3Cfeu9A%2fs0%2fAdventure_time.rpg.jpg&amp;mode=1&amp;name=Adventure%20Time&amp;url=picasa_adventure_time&quot;,return)</favourite>
	<favourite name="American Dragon" thumb="https://lh5.googleusercontent.com/-On2zvIZ7iJY/VIQFiTTnSBI/AAAAAAAAAGo/bT2CtpaTFhE/s0/american%2520dragon.jpg">ActivateWindow(10025,&quot;plugin://plugin.video.cartoonhd/?description&amp;iconimage=https%3a%2f%2flh5.googleusercontent.com%2f-On2zvIZ7iJY%2fVIQFiTTnSBI%2fAAAAAAAAAGo%2fbT2CtpaTFhE%2fs0%2famerican%252520dragon.jpg&amp;mode=1&amp;name=American%20Dragon&amp;url=picasa_american_dragon&quot;,return)</favourite>
	<favourite name="Avengers Assemble" thumb="https://lh6.googleusercontent.com/-ycetXtApi24/VIQFPAPxqiI/AAAAAAAAAB0/wX63Gs3OjF4/s0/Avengers-Assemble.jpg">ActivateWindow(10025,&quot;plugin://plugin.video.cartoonhd/?description&amp;iconimage=https%3a%2f%2flh6.googleusercontent.com%2f-ycetXtApi24%2fVIQFPAPxqiI%2fAAAAAAAAAB0%2fwX63Gs3OjF4%2fs0%2fAvengers-Assemble.jpg&amp;mode=1&amp;name=Avengers%20Assemble&amp;url=cartoonhd_avengers_assemble&quot;,return)</favourite>
	<favourite name="Baby Looney Tunes" thumb="https://lh3.googleusercontent.com/-Kb8HNZSClpI/VIQFPSKBKSI/AAAAAAAAABY/RnXZpIkSG1M/s0/Baby-Looney-Tunes.jpg">ActivateWindow(10025,&quot;plugin://plugin.video.cartoonhd/?description&amp;iconimage=https%3a%2f%2flh3.googleusercontent.com%2f-Kb8HNZSClpI%2fVIQFPSKBKSI%2fAAAAAAAAABY%2fRnXZpIkSG1M%2fs0%2fBaby-Looney-Tunes.jpg&amp;mode=1&amp;name=Baby%20Looney%20Tunes&amp;url=picasa_baby_looney_tunes&quot;,return)</favourite>
	<favourite name="Barbie Movies" thumb="https://lh3.googleusercontent.com/-7jX_9K3sSF8/VIQFPu8EudI/AAAAAAAAAMI/o8_4PCXpdNc/s0/Barbie.jpg">ActivateWindow(10025,&quot;plugin://plugin.video.cartoonhd/?description&amp;iconimage=https%3a%2f%2flh3.googleusercontent.com%2f-7jX_9K3sSF8%2fVIQFPu8EudI%2fAAAAAAAAAMI%2fo8_4PCXpdNc%2fs0%2fBarbie.jpg&amp;mode=1&amp;name=Barbie%20Movies&amp;url=picasa_barbie&quot;,return)</favourite>
	<favourite name="Bat Man" thumb="https://lh5.googleusercontent.com/-YRqhOCNjdfI/VIQFQP3EisI/AAAAAAAAABo/KWBgMUP3wWU/s0/Bat%2520Man.jpg">ActivateWindow(10025,&quot;plugin://plugin.video.cartoonhd/?description&amp;iconimage=https%3a%2f%2flh5.googleusercontent.com%2f-YRqhOCNjdfI%2fVIQFQP3EisI%2fAAAAAAAAABo%2fKWBgMUP3wWU%2fs0%2fBat%252520Man.jpg&amp;mode=1&amp;name=Bat%20Man&amp;url=picasa_bat_man&quot;,return)</favourite>
	<favourite name="Batman - The Brave And The Bold" thumb="https://lh6.googleusercontent.com/-0LciGrXTjlM/VIQFQsxzpoI/AAAAAAAAAMI/qN6oij8Bz_U/s0/Batman%2520-%2520The%2520Brave%2520And%2520The%2520Bold.jpg">ActivateWindow(10025,&quot;plugin://plugin.video.cartoonhd/?description&amp;iconimage=https%3a%2f%2flh6.googleusercontent.com%2f-0LciGrXTjlM%2fVIQFQsxzpoI%2fAAAAAAAAAMI%2fqN6oij8Bz_U%2fs0%2fBatman%252520-%252520The%252520Brave%252520And%252520The%252520Bold.jpg&amp;mode=1&amp;name=Batman%20-%20The%20Brave%20And%20The%20Bold&amp;url=picasa_batman_b_b&quot;,return)</favourite>
	<favourite name="Batman Beyond" thumb="https://lh4.googleusercontent.com/-fE_9-_t9-yc/VG8_l-H9KYI/AAAAAAAAEHo/r6PIOKXGfUw/s0/Batman_Beyond.jpg">ActivateWindow(10025,&quot;plugin://plugin.video.cartoonhd/?description&amp;iconimage=https%3a%2f%2flh4.googleusercontent.com%2f-fE_9-_t9-yc%2fVG8_l-H9KYI%2fAAAAAAAAEHo%2fr6PIOKXGfUw%2fs0%2fBatman_Beyond.jpg&amp;mode=1&amp;name=Batman%20Beyond&amp;url=cartoon_bat_man_beyond&quot;,return)</favourite>
	<favourite name="Beelzebub" thumb="https://lh4.googleusercontent.com/-fHpwlAAP4Vs/VEiDEhnZmwI/AAAAAAAAAiI/c3Azj710lKQ/s0/Beelzebub.jpg">ActivateWindow(10025,&quot;plugin://plugin.video.cartoonhd/?description&amp;iconimage=https%3a%2f%2flh4.googleusercontent.com%2f-fHpwlAAP4Vs%2fVEiDEhnZmwI%2fAAAAAAAAAiI%2fc3Azj710lKQ%2fs0%2fBeelzebub.jpg&amp;mode=1&amp;name=Beelzebub&amp;url=cartoon_Beelzebub&quot;,return)</favourite>
	<favourite name="Ben 10 (2005)" thumb="https://lh5.googleusercontent.com/-r-0iwe6mKAo/VEiDc2_9ddI/AAAAAAAAAig/MhL1pHGYQXg/s0/Ben_10.jpg">ActivateWindow(10025,&quot;plugin://plugin.video.cartoonhd/?description&amp;iconimage=https%3a%2f%2flh5.googleusercontent.com%2f-r-0iwe6mKAo%2fVEiDc2_9ddI%2fAAAAAAAAAig%2fMhL1pHGYQXg%2fs0%2fBen_10.jpg&amp;mode=1&amp;name=Ben%2010%20(2005)&amp;url=picasa_ben10&quot;,return)</favourite>
	<favourite name="Ben 10 Omniverse" thumb="https://lh6.googleusercontent.com/--dT787u4v1s/VIQFRDg5ayI/AAAAAAAAACA/l-Gd8id2lsU/s0/Ben%252010%2520Omniverse.jpg">ActivateWindow(10025,&quot;plugin://plugin.video.cartoonhd/?description&amp;iconimage=https%3a%2f%2flh6.googleusercontent.com%2f--dT787u4v1s%2fVIQFRDg5ayI%2fAAAAAAAAACA%2fl-Gd8id2lsU%2fs0%2fBen%25252010%252520Omniverse.jpg&amp;mode=1&amp;name=Ben%2010%20Omniverse&amp;url=picasa_ben10_omniverse&quot;,return)</favourite>
	<favourite name="Ben 10: Alien Force (2008)" thumb="https://lh5.googleusercontent.com/-FJer3li2o8Q/VEiDqD-YW8I/AAAAAAAAAi4/xiBKFSmQmts/s0/Ben_10_Alien_Force.jpg">ActivateWindow(10025,&quot;plugin://plugin.video.cartoonhd/?description&amp;iconimage=https%3a%2f%2flh5.googleusercontent.com%2f-FJer3li2o8Q%2fVEiDqD-YW8I%2fAAAAAAAAAi4%2fxiBKFSmQmts%2fs0%2fBen_10_Alien_Force.jpg&amp;mode=1&amp;name=Ben%2010%3a%20Alien%20Force%20(2008)&amp;url=picasa_ben10_af&quot;,return)</favourite>
	<favourite name="Ben 10: Ultimate Alien (1010)" thumb="https://lh5.googleusercontent.com/-oTyrauiZIvk/VEiD049BkII/AAAAAAAAAjQ/cwccYJqYz7I/s0/Ben_10_Ultimate_Alien.jpg">ActivateWindow(10025,&quot;plugin://plugin.video.cartoonhd/?description&amp;iconimage=https%3a%2f%2flh5.googleusercontent.com%2f-oTyrauiZIvk%2fVEiD049BkII%2fAAAAAAAAAjQ%2fcwccYJqYz7I%2fs0%2fBen_10_Ultimate_Alien.jpg&amp;mode=1&amp;name=Ben%2010%3a%20Ultimate%20Alien%20(1010)&amp;url=picasa_ben10_ul&quot;,return)</favourite>
	<favourite name="Bernard Bear" thumb="https://lh5.googleusercontent.com/-yPYF8bc8idc/VIQFRcsDDWI/AAAAAAAAACE/B0_9ShKyjDc/s0/Bernard-bear.jpg">ActivateWindow(10025,&quot;plugin://plugin.video.cartoonhd/?description&amp;iconimage=https%3a%2f%2flh5.googleusercontent.com%2f-yPYF8bc8idc%2fVIQFRcsDDWI%2fAAAAAAAAACE%2fB0_9ShKyjDc%2fs0%2fBernard-bear.jpg&amp;mode=1&amp;name=Bernard%20Bear&amp;url=picasa_bernard&quot;,return)</favourite>
	<favourite name="Billy and Mandy" thumb="https://lh3.googleusercontent.com/-0gDWlwJF95g/VIQFRxEr07I/AAAAAAAAACQ/G0ak3XMKUBk/s0/Billy%2520and%2520mandy.jpg">ActivateWindow(10025,&quot;plugin://plugin.video.cartoonhd/?description&amp;iconimage=https%3a%2f%2flh3.googleusercontent.com%2f-0gDWlwJF95g%2fVIQFRxEr07I%2fAAAAAAAAACQ%2fG0ak3XMKUBk%2fs0%2fBilly%252520and%252520mandy.jpg&amp;mode=1&amp;name=Billy%20and%20Mandy&amp;url=picasa_billy_and_mandy&quot;,return)</favourite>
	<favourite name="Bugs Bunny" thumb="https://lh3.googleusercontent.com/-aaFPOT1nFZM/VIQFSYGp_9I/AAAAAAAAAMI/INdxBa8nzUs/s0/Bugs%2520Bunny.jpg">ActivateWindow(10025,&quot;plugin://plugin.video.cartoonhd/?description&amp;iconimage=https%3a%2f%2flh3.googleusercontent.com%2f-aaFPOT1nFZM%2fVIQFSYGp_9I%2fAAAAAAAAAMI%2fINdxBa8nzUs%2fs0%2fBugs%252520Bunny.jpg&amp;mode=1&amp;name=Bugs%20Bunny&amp;url=picasa_bugs_bunny&quot;,return)</favourite>
	<favourite name="Cartoon Movies" thumb="https://lh6.googleusercontent.com/-LF3tp_h6Fcc/VNG-f_5tmrI/AAAAAAAAAAc/Ckf3M_n-d_w/s0/cw.jpg">ActivateWindow(10025,&quot;plugin://plugin.video.cartoonhd/?description&amp;iconimage=https%3a%2f%2flh6.googleusercontent.com%2f-LF3tp_h6Fcc%2fVNG-f_5tmrI%2fAAAAAAAAAAc%2fCkf3M_n-d_w%2fs0%2fcw.jpg&amp;mode=1&amp;name=Cartoon%20Movies&amp;url=cartoon_movies&quot;,return)</favourite>
	<favourite name="Chip And Dale Classic" thumb="https://lh5.googleusercontent.com/-mzt3s2WaVOM/VIQFTVVflfI/AAAAAAAAACw/Va5osbLnsD4/s0/Classic-cartoons-chip-dale.jpg">ActivateWindow(10025,&quot;plugin://plugin.video.cartoonhd/?description&amp;iconimage=https%3a%2f%2flh5.googleusercontent.com%2f-mzt3s2WaVOM%2fVIQFTVVflfI%2fAAAAAAAAACw%2fVa5osbLnsD4%2fs0%2fClassic-cartoons-chip-dale.jpg&amp;mode=1&amp;name=Chip%20And%20Dale%20Classic&amp;url=picasa_chip_and_dale_classic&quot;,return)</favourite>
	<favourite name="Chip and Dale Rescue Rangers" thumb="https://lh4.googleusercontent.com/-6dFzwnwA97Q/VHVAsVdxqEI/AAAAAAAAENo/SBivlukWeTk/s0/Chip_N_Dale.jpg">ActivateWindow(10025,&quot;plugin://plugin.video.cartoonhd/?description&amp;iconimage=https%3a%2f%2flh4.googleusercontent.com%2f-6dFzwnwA97Q%2fVHVAsVdxqEI%2fAAAAAAAAENo%2fSBivlukWeTk%2fs0%2fChip_N_Dale.jpg&amp;mode=1&amp;name=Chip%20and%20Dale%20Rescue%20Rangers&amp;url=cartoon_chip_vs_dale_rescue_rangers&quot;,return)</favourite>
	<favourite name="Courage the Cowardly Dog" thumb="https://lh4.googleusercontent.com/-pfVqbemGBjQ/VIQFjt7VxtI/AAAAAAAAAGc/H0Tsp_S8Jhs/s0/courage_the_cowardly_dog.jpg">ActivateWindow(10025,&quot;plugin://plugin.video.cartoonhd/?description&amp;iconimage=https%3a%2f%2flh4.googleusercontent.com%2f-pfVqbemGBjQ%2fVIQFjt7VxtI%2fAAAAAAAAAGc%2fH0Tsp_S8Jhs%2fs0%2fcourage_the_cowardly_dog.jpg&amp;mode=1&amp;name=Courage%20the%20Cowardly%20Dog&amp;url=cartoon_courage&quot;,return)</favourite>
	<favourite name="Dexter’s Laboratory" thumb="https://lh6.googleusercontent.com/-Zwb7PLdLi3M/VIQFkwLSelI/AAAAAAAAAGw/_rDMqqsycUI/s0/dexters.jpg">ActivateWindow(10025,&quot;plugin://plugin.video.cartoonhd/?description&amp;iconimage=https%3a%2f%2flh6.googleusercontent.com%2f-Zwb7PLdLi3M%2fVIQFkwLSelI%2fAAAAAAAAAGw%2f_rDMqqsycUI%2fs0%2fdexters.jpg&amp;mode=1&amp;name=Dexter%e2%80%99s%20Laboratory&amp;url=cartoon_dexter&quot;,return)</favourite>
	<favourite name="Donald Duck" thumb="https://lh5.googleusercontent.com/-EaMfwWjX5ow/UeZEv84LdcI/AAAAAAAAFQY/i5_dXLxTPUY/s512/donal_duck.jpg">ActivateWindow(10025,&quot;plugin://plugin.video.cartoonhd/?description&amp;iconimage=https%3a%2f%2flh5.googleusercontent.com%2f-EaMfwWjX5ow%2fUeZEv84LdcI%2fAAAAAAAAFQY%2fi5_dXLxTPUY%2fs512%2fdonal_duck.jpg&amp;mode=1&amp;name=Donald%20Duck&amp;url=picasa_donald&quot;,return)</favourite>
	<favourite name="Doug" thumb="https://lh5.googleusercontent.com/-PZiBrLkmr_w/VIQFUSgXEaI/AAAAAAAAAMU/MKioNBhktyY/s0/Doug.jpg">ActivateWindow(10025,&quot;plugin://plugin.video.cartoonhd/?description&amp;iconimage=https%3a%2f%2flh5.googleusercontent.com%2f-PZiBrLkmr_w%2fVIQFUSgXEaI%2fAAAAAAAAAMU%2fMKioNBhktyY%2fs0%2fDoug.jpg&amp;mode=1&amp;name=Doug&amp;url=picasa_doug&quot;,return)</favourite>
	<favourite name="DreamWorks Dragons" thumb="https://lh6.googleusercontent.com/-4U6rk6Tb-8M/VEdlJyB7z7I/AAAAAAAAARU/b33h8G5J-lk/s0/dreamworks_dragon.jpg">ActivateWindow(10025,&quot;plugin://plugin.video.cartoonhd/?description&amp;iconimage=https%3a%2f%2flh6.googleusercontent.com%2f-4U6rk6Tb-8M%2fVEdlJyB7z7I%2fAAAAAAAAARU%2fb33h8G5J-lk%2fs0%2fdreamworks_dragon.jpg&amp;mode=1&amp;name=DreamWorks%20Dragons&amp;url=cartoonhd_dreamWorks_dragons&quot;,return)</favourite>
	<favourite name="DuckTales" thumb="https://lh4.googleusercontent.com/-1QoXGXi2vjg/VIQFot0ZnEI/AAAAAAAAAHw/7ehbM6VCqE4/s0/duck-tales-wallpaper.jpeg">ActivateWindow(10025,&quot;plugin://plugin.video.cartoonhd/?description&amp;iconimage=https%3a%2f%2flh4.googleusercontent.com%2f-1QoXGXi2vjg%2fVIQFot0ZnEI%2fAAAAAAAAAHw%2f7ehbM6VCqE4%2fs0%2fduck-tales-wallpaper.jpeg&amp;mode=1&amp;name=DuckTales&amp;url=picasa_ducktales&quot;,return)</favourite>
	<favourite name="DuckTales" thumb="https://lh4.googleusercontent.com/-pjWcsWt90uM/VEdrqlkSBZI/AAAAAAAAAT0/ocbNDIASxGI/s0/ducktales.jpg">ActivateWindow(10025,&quot;plugin://plugin.video.cartoonhd/?description&amp;iconimage=https%3a%2f%2flh4.googleusercontent.com%2f-pjWcsWt90uM%2fVEdrqlkSBZI%2fAAAAAAAAAT0%2focbNDIASxGI%2fs0%2fducktales.jpg&amp;mode=1&amp;name=DuckTales&amp;url=cartoonhd_ducktales&quot;,return)</favourite>
	<favourite name="Ed, Edd n Eddy" thumb="https://lh5.googleusercontent.com/-gax1799pH_Y/VIQFVhPqO8I/AAAAAAAAADE/IZ1n3e64Z1Q/s0/Ed-edd-n-eddy.jpg">ActivateWindow(10025,&quot;plugin://plugin.video.cartoonhd/?description&amp;iconimage=https%3a%2f%2flh5.googleusercontent.com%2f-gax1799pH_Y%2fVIQFVhPqO8I%2fAAAAAAAAADE%2fIZ1n3e64Z1Q%2fs0%2fEd-edd-n-eddy.jpg&amp;mode=1&amp;name=Ed%2c%20Edd%20n%20Eddy&amp;url=picasa_ed_edd_eddy&quot;,return)</favourite>
	<favourite name="Fantastic Four: World&apos;s Greatest Heroes" thumb="https://lh3.googleusercontent.com/-YVA_rzcumQY/VEiEi6T3LLI/AAAAAAAAAko/jRZgLKQONy4/s0/Fantastic-Four_2006.jpg">ActivateWindow(10025,&quot;plugin://plugin.video.cartoonhd/?description&amp;iconimage=https%3a%2f%2flh3.googleusercontent.com%2f-YVA_rzcumQY%2fVEiEi6T3LLI%2fAAAAAAAAAko%2fjRZgLKQONy4%2fs0%2fFantastic-Four_2006.jpg&amp;mode=1&amp;name=Fantastic%20Four%3a%20World%27s%20Greatest%20Heroes&amp;url=cartoonhd_Fantastic_Four&quot;,return)</favourite>
	<favourite name="Futurama" thumb="https://lh6.googleusercontent.com/-Mn2umQxQGUY/VIQFWlXfo4I/AAAAAAAAADM/8Chr67itYRg/s0/Futurama.jpg">ActivateWindow(10025,&quot;plugin://plugin.video.cartoonhd/?description&amp;iconimage=https%3a%2f%2flh6.googleusercontent.com%2f-Mn2umQxQGUY%2fVIQFWlXfo4I%2fAAAAAAAAADM%2f8Chr67itYRg%2fs0%2fFuturama.jpg&amp;mode=1&amp;name=Futurama&amp;url=picasa_futurama&quot;,return)</favourite>
	<favourite name="Hulk and the Agents of S.M.A.S.H." thumb="https://lh3.googleusercontent.com/-5xCw6NaLI0s/VIQFrU1dxuI/AAAAAAAAAJQ/vQJCxhQbffI/s0/hulk-and-the-agents-of-smash-1024x768.jpg">ActivateWindow(10025,&quot;plugin://plugin.video.cartoonhd/?description&amp;iconimage=https%3a%2f%2flh3.googleusercontent.com%2f-5xCw6NaLI0s%2fVIQFrU1dxuI%2fAAAAAAAAAJQ%2fvQJCxhQbffI%2fs0%2fhulk-and-the-agents-of-smash-1024x768.jpg&amp;mode=1&amp;name=Hulk%20and%20the%20Agents%20of%20S.M.A.S.H.&amp;url=picasa_hulk_and_the_agents&quot;,return)</favourite>
	<favourite name="Inspector Gadget" thumb="https://lh4.googleusercontent.com/-uVWFBGYJHgU/VIQFp80wd1I/AAAAAAAAAIA/mvZez9126DM/s0/gadget.jpg">ActivateWindow(10025,&quot;plugin://plugin.video.cartoonhd/?description&amp;iconimage=https%3a%2f%2flh4.googleusercontent.com%2f-uVWFBGYJHgU%2fVIQFp80wd1I%2fAAAAAAAAAIA%2fmvZez9126DM%2fs0%2fgadget.jpg&amp;mode=1&amp;name=Inspector%20Gadget&amp;url=picasa_inspector_gadget&quot;,return)</favourite>
	<favourite name="Johnny Bravo" thumb="https://lh3.googleusercontent.com/-A_MtU-60GqA/VIQFYwujmyI/AAAAAAAAAMU/0ZawAcpcj4U/s0/Johnny%2520Bravo.jpg">ActivateWindow(10025,&quot;plugin://plugin.video.cartoonhd/?description&amp;iconimage=https%3a%2f%2flh3.googleusercontent.com%2f-A_MtU-60GqA%2fVIQFYwujmyI%2fAAAAAAAAAMU%2f0ZawAcpcj4U%2fs0%2fJohnny%252520Bravo.jpg&amp;mode=1&amp;name=Johnny%20Bravo&amp;url=picasa_johnny_bravo&quot;,return)</favourite>
	<favourite name="Justice League" thumb="https://lh3.googleusercontent.com/-EnooIzN1eis/VIQFshK0QYI/AAAAAAAAAI4/L_UM565_rzg/s0/justuce%2520league.jpg">ActivateWindow(10025,&quot;plugin://plugin.video.cartoonhd/?description&amp;iconimage=https%3a%2f%2flh3.googleusercontent.com%2f-EnooIzN1eis%2fVIQFshK0QYI%2fAAAAAAAAAI4%2fL_UM565_rzg%2fs0%2fjustuce%252520league.jpg&amp;mode=1&amp;name=Justice%20League&amp;url=picasa_justice_league&quot;,return)</favourite>
	<favourite name="Kid Next Door" thumb="https://lh4.googleusercontent.com/-4GkClO5lQY0/VIQFtQDqJiI/AAAAAAAAAIw/cA3xni0zgBw/s0/kids-next-door.jpg">ActivateWindow(10025,&quot;plugin://plugin.video.cartoonhd/?description&amp;iconimage=https%3a%2f%2flh4.googleusercontent.com%2f-4GkClO5lQY0%2fVIQFtQDqJiI%2fAAAAAAAAAIw%2fcA3xni0zgBw%2fs0%2fkids-next-door.jpg&amp;mode=1&amp;name=Kid%20Next%20Door&amp;url=picasa_kid_next_door&quot;,return)</favourite>
	<favourite name="Kung Fu Panda: Legends of Awesomeness" thumb="https://lh4.googleusercontent.com/-dfcLKFZK3eY/VIQFtqJRdEI/AAAAAAAAAJE/nF61i7QHssA/s0/kung_fu_panda_legends_of_awesomeness_wallpaper-1024x768.jpg">ActivateWindow(10025,&quot;plugin://plugin.video.cartoonhd/?description&amp;iconimage=https%3a%2f%2flh4.googleusercontent.com%2f-dfcLKFZK3eY%2fVIQFtqJRdEI%2fAAAAAAAAAJE%2fnF61i7QHssA%2fs0%2fkung_fu_panda_legends_of_awesomeness_wallpaper-1024x768.jpg&amp;mode=1&amp;name=Kung%20Fu%20Panda%3a%20Legends%20of%20Awesomeness&amp;url=cartoon_kungfu_panda&quot;,return)</favourite>
	<favourite name="Marvel Disk Wars: The Avengers" thumb="https://lh6.googleusercontent.com/-2ahUbBIJsxw/VEiGFRCg2KI/AAAAAAAAAm8/yfQD7bf--Pg/s0/Marvel_Disk_Wars_The_Avengers.jpg">ActivateWindow(10025,&quot;plugin://plugin.video.cartoonhd/?description&amp;iconimage=https%3a%2f%2flh6.googleusercontent.com%2f-2ahUbBIJsxw%2fVEiGFRCg2KI%2fAAAAAAAAAm8%2fyfQD7bf--Pg%2fs0%2fMarvel_Disk_Wars_The_Avengers.jpg&amp;mode=1&amp;name=Marvel%20Disk%20Wars%3a%20The%20Avengers&amp;url=cartoonhd_Marvel_Disk_Wars_The_Avengers&quot;,return)</favourite>
	<favourite name="Mr Bean" thumb="https://lh5.googleusercontent.com/-JMeprWVeJX8/VIQFu2ClBNI/AAAAAAAAAJU/Ws4vDi3-j50/s0/mrbean.jpg">ActivateWindow(10025,&quot;plugin://plugin.video.cartoonhd/?description&amp;iconimage=https%3a%2f%2flh5.googleusercontent.com%2f-JMeprWVeJX8%2fVIQFu2ClBNI%2fAAAAAAAAAJU%2fWs4vDi3-j50%2fs0%2fmrbean.jpg&amp;mode=1&amp;name=Mr%20Bean&amp;url=cartoon_mrbean&quot;,return)</favourite>
	<favourite name="Mr Bean (Movie)" thumb="https://lh6.googleusercontent.com/-LXwFiM1Iu74/VIQFupKfzFI/AAAAAAAAAKQ/gtqZYBOPC3s/s0/mr_bean.jpg">ActivateWindow(10025,&quot;plugin://plugin.video.cartoonhd/?description&amp;iconimage=https%3a%2f%2flh6.googleusercontent.com%2f-LXwFiM1Iu74%2fVIQFupKfzFI%2fAAAAAAAAAKQ%2fgtqZYBOPC3s%2fs0%2fmr_bean.jpg&amp;mode=1&amp;name=Mr%20Bean%20(Movie)&amp;url=picasa_mrbean_movie&quot;,return)</favourite>
	<favourite name="My Little Pony: Friendship is Magic" thumb="https://lh4.googleusercontent.com/-8FfgVpGX-Vk/VIQFvcLKEyI/AAAAAAAAAJg/9HBUw4xNLXA/s0/my-little-pony-friendship-is-magic.jpg">ActivateWindow(10025,&quot;plugin://plugin.video.cartoonhd/?description&amp;iconimage=https%3a%2f%2flh4.googleusercontent.com%2f-8FfgVpGX-Vk%2fVIQFvcLKEyI%2fAAAAAAAAAJg%2f9HBUw4xNLXA%2fs0%2fmy-little-pony-friendship-is-magic.jpg&amp;mode=1&amp;name=My%20Little%20Pony%3a%20Friendship%20is%20Magic&amp;url=picasa_my_little_pony&quot;,return)</favourite>
	<favourite name="Pink Panther" thumb="https://lh3.googleusercontent.com/-sPFNVXaDP3g/UeZE3HKMgxI/AAAAAAAAFTI/LAT-QosXCUI/s512/pink_panther.jpg">ActivateWindow(10025,&quot;plugin://plugin.video.cartoonhd/?description&amp;iconimage=https%3a%2f%2flh3.googleusercontent.com%2f-sPFNVXaDP3g%2fUeZE3HKMgxI%2fAAAAAAAAFTI%2fLAT-QosXCUI%2fs512%2fpink_panther.jpg&amp;mode=1&amp;name=Pink%20Panther&amp;url=picasa_pink_panther&quot;,return)</favourite>
	<favourite name="Pinky And The Brain" thumb="https://lh3.googleusercontent.com/-n4bcwT9B2M8/VIQFxdkZ1XI/AAAAAAAAAJ0/Fn3KEk3yA14/s0/pinky-and-the-brain.jpg">ActivateWindow(10025,&quot;plugin://plugin.video.cartoonhd/?description&amp;iconimage=https%3a%2f%2flh3.googleusercontent.com%2f-n4bcwT9B2M8%2fVIQFxdkZ1XI%2fAAAAAAAAAJ0%2fFn3KEk3yA14%2fs0%2fpinky-and-the-brain.jpg&amp;mode=1&amp;name=Pinky%20And%20The%20Brain&amp;url=picasa_pinky_and_the_brain&quot;,return)</favourite>
	<favourite name="Popeye" thumb="https://lh3.googleusercontent.com/-U4awWueKE4s/UeZE3nKKFiI/AAAAAAAAFTc/2h8DS890e5g/s512/popeye.jpg">ActivateWindow(10025,&quot;plugin://plugin.video.cartoonhd/?description&amp;iconimage=https%3a%2f%2flh3.googleusercontent.com%2f-U4awWueKE4s%2fUeZE3nKKFiI%2fAAAAAAAAFTc%2f2h8DS890e5g%2fs512%2fpopeye.jpg&amp;mode=1&amp;name=Popeye&amp;url=picasa_popeye&quot;,return)</favourite>
	<favourite name="Recess" thumb="https://lh5.googleusercontent.com/-RT04OA_Uw0g/VIQFy-C5jUI/AAAAAAAAAK4/nWSnX0bHPrY/s0/recess.jpg">ActivateWindow(10025,&quot;plugin://plugin.video.cartoonhd/?description&amp;iconimage=https%3a%2f%2flh5.googleusercontent.com%2f-RT04OA_Uw0g%2fVIQFy-C5jUI%2fAAAAAAAAAK4%2fnWSnX0bHPrY%2fs0%2frecess.jpg&amp;mode=1&amp;name=Recess&amp;url=picasa_recess&quot;,return)</favourite>
	<favourite name="Regular Show" thumb="https://lh4.googleusercontent.com/-f8cTpP4ihVU/VIQFzg-9dWI/AAAAAAAAAKc/kj1z4Cy5oes/s0/regular-show.jpg">ActivateWindow(10025,&quot;plugin://plugin.video.cartoonhd/?description&amp;iconimage=https%3a%2f%2flh4.googleusercontent.com%2f-f8cTpP4ihVU%2fVIQFzg-9dWI%2fAAAAAAAAAKc%2fkj1z4Cy5oes%2fs0%2fregular-show.jpg&amp;mode=1&amp;name=Regular%20Show&amp;url=picasa_regularshow&quot;,return)</favourite>
	<favourite name="Rick and Morty" thumb="https://lh4.googleusercontent.com/-Ypkzw-hDpNM/VH3GikEQ00I/AAAAAAAAEZI/FfH0xR5Wuew/s0/Rick_and_Morty_2013.jpg">ActivateWindow(10025,&quot;plugin://plugin.video.cartoonhd/?description&amp;iconimage=https%3a%2f%2flh4.googleusercontent.com%2f-Ypkzw-hDpNM%2fVH3GikEQ00I%2fAAAAAAAAEZI%2fFfH0xR5Wuew%2fs0%2fRick_and_Morty_2013.jpg&amp;mode=1&amp;name=Rick%20and%20Morty&amp;url=cartoon_rick_and_morty&quot;,return)</favourite>
	<favourite name="Road Runner" thumb="https://lh3.googleusercontent.com/-zCNpfdaiM6c/VIQFbSS9WjI/AAAAAAAAAE0/I7dSqGTmnO0/s0/Road%2520Runner.jpg">ActivateWindow(10025,&quot;plugin://plugin.video.cartoonhd/?description&amp;iconimage=https%3a%2f%2flh3.googleusercontent.com%2f-zCNpfdaiM6c%2fVIQFbSS9WjI%2fAAAAAAAAAE0%2fI7dSqGTmnO0%2fs0%2fRoad%252520Runner.jpg&amp;mode=1&amp;name=Road%20Runner&amp;url=picasa_road_runner&quot;,return)</favourite>
	<favourite name="Rocket Power" thumb="https://lh3.googleusercontent.com/-H7XS9-1KwE4/VIQFb9J_jwI/AAAAAAAAAEg/APa4E9VWzqk/s0/Rocket-Power-Wallpapers.jpg">ActivateWindow(10025,&quot;plugin://plugin.video.cartoonhd/?description&amp;iconimage=https%3a%2f%2flh3.googleusercontent.com%2f-H7XS9-1KwE4%2fVIQFb9J_jwI%2fAAAAAAAAAEg%2fAPa4E9VWzqk%2fs0%2fRocket-Power-Wallpapers.jpg&amp;mode=1&amp;name=Rocket%20Power&amp;url=picasa_rocket_power&quot;,return)</favourite>
	<favourite name="Rugrats" thumb="https://lh3.googleusercontent.com/-SWBZoa7KD4I/VIBYDSNNBaI/AAAAAAAAEnU/iMXjrDmOhUs/s0/Rugrats_1991_2004.jpg">ActivateWindow(10025,&quot;plugin://plugin.video.cartoonhd/?description&amp;iconimage=https%3a%2f%2flh3.googleusercontent.com%2f-SWBZoa7KD4I%2fVIBYDSNNBaI%2fAAAAAAAAEnU%2fiMXjrDmOhUs%2fs0%2fRugrats_1991_2004.jpg&amp;mode=1&amp;name=Rugrats&amp;url=cartoon_rugrats&quot;,return)</favourite>
	<favourite name="Scooby Doo Mystery Incorporated" thumb="https://lh3.googleusercontent.com/-xc6awgYvfuw/VIQFc9HHNgI/AAAAAAAAAEs/Nwz9BBFDblc/s0/Scooby%2520Doo%2520Mystery%2520Incorporated.jpg">ActivateWindow(10025,&quot;plugin://plugin.video.cartoonhd/?description&amp;iconimage=https%3a%2f%2flh3.googleusercontent.com%2f-xc6awgYvfuw%2fVIQFc9HHNgI%2fAAAAAAAAAEs%2fNwz9BBFDblc%2fs0%2fScooby%252520Doo%252520Mystery%252520Incorporated.jpg&amp;mode=1&amp;name=Scooby%20Doo%20Mystery%20Incorporated&amp;url=picasa_scooby_doo_mystery_incorporated&quot;,return)</favourite>
	<favourite name="Scooby Doo Where Are You ?" thumb="https://lh4.googleusercontent.com/-28C3oWEjHs4/VIQFdTT2j4I/AAAAAAAAAFE/Z-4xxAzbcjU/s0/Scooby%2520Doo%2520Where%2520Are%2520You.jpg">ActivateWindow(10025,&quot;plugin://plugin.video.cartoonhd/?description&amp;iconimage=https%3a%2f%2flh4.googleusercontent.com%2f-28C3oWEjHs4%2fVIQFdTT2j4I%2fAAAAAAAAAFE%2fZ-4xxAzbcjU%2fs0%2fScooby%252520Doo%252520Where%252520Are%252520You.jpg&amp;mode=1&amp;name=Scooby%20Doo%20Where%20Are%20You%20%3f&amp;url=picasa_scooby_doo_where_are_you&quot;,return)</favourite>
	<favourite name="Scoopy Doo Show" thumb="https://lh6.googleusercontent.com/-07QV9LILS5o/UeZE4sKVe_I/AAAAAAAAFTs/Eq4xHAA0RsQ/s512/scoopy_doo.jpg">ActivateWindow(10025,&quot;plugin://plugin.video.cartoonhd/?description&amp;iconimage=https%3a%2f%2flh6.googleusercontent.com%2f-07QV9LILS5o%2fUeZE4sKVe_I%2fAAAAAAAAFTs%2fEq4xHAA0RsQ%2fs512%2fscoopy_doo.jpg&amp;mode=1&amp;name=Scoopy%20Doo%20Show&amp;url=picasa_scooby_doo&quot;,return)</favourite>
	<favourite name="Shaun The Sheep" thumb="https://lh5.googleusercontent.com/-onF6P4TtLeY/UeZE3AS6H7I/AAAAAAAAFTA/EEsHFPQuYa4/s608/picasa_shaunthesheep.png">ActivateWindow(10025,&quot;plugin://plugin.video.cartoonhd/?description&amp;iconimage=https%3a%2f%2flh5.googleusercontent.com%2f-onF6P4TtLeY%2fUeZE3AS6H7I%2fAAAAAAAAFTA%2fEEsHFPQuYa4%2fs608%2fpicasa_shaunthesheep.png&amp;mode=1&amp;name=Shaun%20The%20Sheep&amp;url=picasa_shaunthesheep&quot;,return)</favourite>
	<favourite name="Spiderman Animated" thumb="https://lh3.googleusercontent.com/--GCziS495wE/VIQFz1b3tUI/AAAAAAAAAKg/1B4CNZUu-90/s0/spiderman.jpg">ActivateWindow(10025,&quot;plugin://plugin.video.cartoonhd/?description&amp;iconimage=https%3a%2f%2flh3.googleusercontent.com%2f--GCziS495wE%2fVIQFz1b3tUI%2fAAAAAAAAAKg%2f1B4CNZUu-90%2fs0%2fspiderman.jpg&amp;mode=1&amp;name=Spiderman%20Animated&amp;url=cartoonhd_Ultimate_Spider_Man&quot;,return)</favourite>
	<favourite name="SpongeBob SquarePants" thumb="https://lh3.googleusercontent.com/-ImGgKn2DzFI/VIQF0fURklI/AAAAAAAAAKo/UxtN_nSuGXk/s0/spongebob-squarepants.jpg">ActivateWindow(10025,&quot;plugin://plugin.video.cartoonhd/?description&amp;iconimage=https%3a%2f%2flh3.googleusercontent.com%2f-ImGgKn2DzFI%2fVIQF0fURklI%2fAAAAAAAAAKo%2fUxtN_nSuGXk%2fs0%2fspongebob-squarepants.jpg&amp;mode=1&amp;name=SpongeBob%20SquarePants&amp;url=picasa_spongebob&quot;,return)</favourite>
	<favourite name="Steven Universe" thumb="https://lh5.googleusercontent.com/-1P0HsZhWfWY/VIQF1YtPNVI/AAAAAAAAALE/KaOjfhcLw8o/s0/steven.jpg">ActivateWindow(10025,&quot;plugin://plugin.video.cartoonhd/?description&amp;iconimage=https%3a%2f%2flh5.googleusercontent.com%2f-1P0HsZhWfWY%2fVIQF1YtPNVI%2fAAAAAAAAALE%2fKaOjfhcLw8o%2fs0%2fsteven.jpg&amp;mode=1&amp;name=Steven%20Universe&amp;url=picasa_steven_universe&quot;,return)</favourite>
	<favourite name="Superman: The Animated Series" thumb="https://lh4.googleusercontent.com/-WAeSideLkrs/VIQFevWh9GI/AAAAAAAAAMU/Ixa0Jxz0Nb4/s0/Superman.jpg">ActivateWindow(10025,&quot;plugin://plugin.video.cartoonhd/?description&amp;iconimage=https%3a%2f%2flh4.googleusercontent.com%2f-WAeSideLkrs%2fVIQFevWh9GI%2fAAAAAAAAAMU%2fIxa0Jxz0Nb4%2fs0%2fSuperman.jpg&amp;mode=1&amp;name=Superman%3a%20The%20Animated%20Series&amp;url=picasa_superman&quot;,return)</favourite>
	<favourite name="Teenage Mutant Ninja Turtles (2012)" thumb="https://lh4.googleusercontent.com/-YJuQwD9xsNA/VIQF2SjamoI/AAAAAAAAALM/kW5VD4jWHKg/s0/teennage.jpg">ActivateWindow(10025,&quot;plugin://plugin.video.cartoonhd/?description&amp;iconimage=https%3a%2f%2flh4.googleusercontent.com%2f-YJuQwD9xsNA%2fVIQF2SjamoI%2fAAAAAAAAALM%2fkW5VD4jWHKg%2fs0%2fteennage.jpg&amp;mode=1&amp;name=Teenage%20Mutant%20Ninja%20Turtles%20(2012)&amp;url=cartoonhd_teenage_mutant_ninja_turtles_2012&quot;,return)</favourite>
	<favourite name="The Avengers: Earth&apos;s Mightiest Heroes" thumb="https://lh4.googleusercontent.com/-E-dYcvf79Is/VEdffb4rhMI/AAAAAAAAAPE/Dnalv8D0ajU/s0/The_Avengers_Earths_Mightiest_Heroes_2010_2012.jpg">ActivateWindow(10025,&quot;plugin://plugin.video.cartoonhd/?description&amp;iconimage=https%3a%2f%2flh4.googleusercontent.com%2f-E-dYcvf79Is%2fVEdffb4rhMI%2fAAAAAAAAAPE%2fDnalv8D0ajU%2fs0%2fThe_Avengers_Earths_Mightiest_Heroes_2010_2012.jpg&amp;mode=1&amp;name=The%20Avengers%3a%20Earth%27s%20Mightiest%20Heroes&amp;url=cartoonhd_theavengers_heroes&quot;,return)</favourite>
	<favourite name="The Fairly OddParent" thumb="https://lh3.googleusercontent.com/-Npx1fCHqDGg/VIBn1D8C0nI/AAAAAAAAEoI/97SoLmkNn3Y/s0/The_Fairly_OddParents_2001.jpg">ActivateWindow(10025,&quot;plugin://plugin.video.cartoonhd/?description&amp;iconimage=https%3a%2f%2flh3.googleusercontent.com%2f-Npx1fCHqDGg%2fVIBn1D8C0nI%2fAAAAAAAAEoI%2f97SoLmkNn3Y%2fs0%2fThe_Fairly_OddParents_2001.jpg&amp;mode=1&amp;name=The%20Fairly%20OddParent&amp;url=cartoon_The_Fairly_OddParents&quot;,return)</favourite>
	<favourite name="The Flash" thumb="https://lh6.googleusercontent.com/-XvXTkg9D0zM/VEn5Z8pxsfI/AAAAAAAAAx0/RAQ_APmPYO8/s0/The_Flash.jpg">ActivateWindow(10025,&quot;plugin://plugin.video.cartoonhd/?description&amp;iconimage=https%3a%2f%2flh6.googleusercontent.com%2f-XvXTkg9D0zM%2fVEn5Z8pxsfI%2fAAAAAAAAAx0%2fRAQ_APmPYO8%2fs0%2fThe_Flash.jpg&amp;mode=1&amp;name=The%20Flash&amp;url=cartoonhd_theflash&quot;,return)</favourite>
	<favourite name="The Flintstones" thumb="https://lh3.googleusercontent.com/-xCNCQOYQsh8/VIQFfuxwg-I/AAAAAAAAAFg/NIcBM4bpJT8/s0/The-Flintstones.jpg">ActivateWindow(10025,&quot;plugin://plugin.video.cartoonhd/?description&amp;iconimage=https%3a%2f%2flh3.googleusercontent.com%2f-xCNCQOYQsh8%2fVIQFfuxwg-I%2fAAAAAAAAAFg%2fNIcBM4bpJT8%2fs0%2fThe-Flintstones.jpg&amp;mode=1&amp;name=The%20Flintstones&amp;url=picasa_the_flintstones&quot;,return)</favourite>
	<favourite name="The Jetsons" thumb="https://lh6.googleusercontent.com/-MRWefl8juE0/VIQFgGct1aI/AAAAAAAAAMU/VWTyx3niO_8/s0/The-Jetsons.jpg">ActivateWindow(10025,&quot;plugin://plugin.video.cartoonhd/?description&amp;iconimage=https%3a%2f%2flh6.googleusercontent.com%2f-MRWefl8juE0%2fVIQFgGct1aI%2fAAAAAAAAAMU%2fVWTyx3niO_8%2fs0%2fThe-Jetsons.jpg&amp;mode=1&amp;name=The%20Jetsons&amp;url=cartoon_the_Jetsons&quot;,return)</favourite>
	<favourite name="The Legend of Tarzan" thumb="https://lh4.googleusercontent.com/-a_ivdlAuzIg/VIQF2u09cwI/AAAAAAAAALU/hxBHx98OkcQ/s0/the%2520legend%2520of%2520tarzan.jpg">ActivateWindow(10025,&quot;plugin://plugin.video.cartoonhd/?description&amp;iconimage=https%3a%2f%2flh4.googleusercontent.com%2f-a_ivdlAuzIg%2fVIQF2u09cwI%2fAAAAAAAAALU%2fhxBHx98OkcQ%2fs0%2fthe%252520legend%252520of%252520tarzan.jpg&amp;mode=1&amp;name=The%20Legend%20of%20Tarzan&amp;url=picasa_tarzan&quot;,return)</favourite>
	<favourite name="The Looney Tunes Show" thumb="https://lh5.googleusercontent.com/-bdfBZD2HNuI/VIQFuIskopI/AAAAAAAAAJA/8GZHQim6kRo/s0/looney-tunes-show.jpg">ActivateWindow(10025,&quot;plugin://plugin.video.cartoonhd/?description&amp;iconimage=https%3a%2f%2flh5.googleusercontent.com%2f-bdfBZD2HNuI%2fVIQFuIskopI%2fAAAAAAAAAJA%2f8GZHQim6kRo%2fs0%2flooney-tunes-show.jpg&amp;mode=1&amp;name=The%20Looney%20Tunes%20Show&amp;url=picasa_looney_tunes_show&quot;,return)</favourite>
	<favourite name="The Ren &amp; Stimpy Show" thumb="https://lh3.googleusercontent.com/-Jn2wQpUo7vM/VIQF31hT7-I/AAAAAAAAALo/NBkuhZZVxmQ/s0/the-ren-stimpy-show.jpg">ActivateWindow(10025,&quot;plugin://plugin.video.cartoonhd/?description&amp;iconimage=https%3a%2f%2flh3.googleusercontent.com%2f-Jn2wQpUo7vM%2fVIQF31hT7-I%2fAAAAAAAAALo%2fNBkuhZZVxmQ%2fs0%2fthe-ren-stimpy-show.jpg&amp;mode=1&amp;name=The%20Ren%20%26%20Stimpy%20Show&amp;url=picasa_the_ren_stimpy_show&quot;,return)</favourite>
	<favourite name="The Simpsons" thumb="https://lh5.googleusercontent.com/-g3IAMG5bhnA/VIQFgyFJ8iI/AAAAAAAAAMU/e4ANk_IU04E/s0/TheSimpsons.jpg">ActivateWindow(10025,&quot;plugin://plugin.video.cartoonhd/?description&amp;iconimage=https%3a%2f%2flh5.googleusercontent.com%2f-g3IAMG5bhnA%2fVIQFgyFJ8iI%2fAAAAAAAAAMU%2fe4ANk_IU04E%2fs0%2fTheSimpsons.jpg&amp;mode=1&amp;name=The%20Simpsons&amp;url=cartoonhd_simpsons&quot;,return)</favourite>
	<favourite name="The Smurfs" thumb="https://lh3.googleusercontent.com/-HJp4dwy-rd0/VIQFd7cPwlI/AAAAAAAAAE4/13LdNPWZlGs/s0/Smurfs.jpg">ActivateWindow(10025,&quot;plugin://plugin.video.cartoonhd/?description&amp;iconimage=https%3a%2f%2flh3.googleusercontent.com%2f-HJp4dwy-rd0%2fVIQFd7cPwlI%2fAAAAAAAAAE4%2f13LdNPWZlGs%2fs0%2fSmurfs.jpg&amp;mode=1&amp;name=The%20Smurfs&amp;url=picasa_smurfs&quot;,return)</favourite>
	<favourite name="The Tom and Jerry Show (2014)" thumb="https://lh6.googleusercontent.com/-33FUfGOP7xg/VEiHsngHUpI/AAAAAAAAAqI/mJF66gS8Owk/s0/The_Tom_and_Jerry_Show_2014.jpg">ActivateWindow(10025,&quot;plugin://plugin.video.cartoonhd/?description&amp;iconimage=https%3a%2f%2flh6.googleusercontent.com%2f-33FUfGOP7xg%2fVEiHsngHUpI%2fAAAAAAAAAqI%2fmJF66gS8Owk%2fs0%2fThe_Tom_and_Jerry_Show_2014.jpg&amp;mode=1&amp;name=The%20Tom%20and%20Jerry%20Show%20(2014)&amp;url=cartoonhd_The_Tom_and_Jerry_Show&quot;,return)</favourite>
	<favourite name="Tom &amp; Jerry" thumb="https://lh4.googleusercontent.com/-Ute4kv0UCxA/UeZE5m13xsI/AAAAAAAAFUE/6WvyWl0iduU/s512/tomjerry.jpg">ActivateWindow(10025,&quot;plugin://plugin.video.cartoonhd/?description&amp;iconimage=https%3a%2f%2flh4.googleusercontent.com%2f-Ute4kv0UCxA%2fUeZE5m13xsI%2fAAAAAAAAFUE%2f6WvyWl0iduU%2fs512%2ftomjerry.jpg&amp;mode=1&amp;name=Tom%20%26%20Jerry&amp;url=picasa_tom_and_jerry&quot;,return)</favourite>
	<favourite name="Transformers: Prime" thumb="https://lh6.googleusercontent.com/-lk9_Zv0TQUI/VIQF4ze61ZI/AAAAAAAAAME/Sc5c19EkR3E/s0/transformers-prime-optimus.jpg">ActivateWindow(10025,&quot;plugin://plugin.video.cartoonhd/?description&amp;iconimage=https%3a%2f%2flh6.googleusercontent.com%2f-lk9_Zv0TQUI%2fVIQF4ze61ZI%2fAAAAAAAAAME%2fSc5c19EkR3E%2fs0%2ftransformers-prime-optimus.jpg&amp;mode=1&amp;name=Transformers%3a%20Prime&amp;url=picasa_transformers_prime&quot;,return)</favourite>
	<favourite name="Underdog" thumb="https://lh6.googleusercontent.com/-RdBIzO-eJJE/VIQF5BEhr3I/AAAAAAAAAL4/BcRGQdZHSfk/s0/underdog.jpg">ActivateWindow(10025,&quot;plugin://plugin.video.cartoonhd/?description&amp;iconimage=https%3a%2f%2flh6.googleusercontent.com%2f-RdBIzO-eJJE%2fVIQF5BEhr3I%2fAAAAAAAAAL4%2fBcRGQdZHSfk%2fs0%2funderdog.jpg&amp;mode=1&amp;name=Underdog&amp;url=picasa_underdog&quot;,return)</favourite>
	<favourite name="Wolverine and the X-Men" thumb="https://lh3.googleusercontent.com/-B0WMAeYYPWo/VFDFK6YvlGI/AAAAAAAADok/J2DMV2clUKc/s0/Wolverine_and_the_X-Men_2009.jpg">ActivateWindow(10025,&quot;plugin://plugin.video.cartoonhd/?description&amp;iconimage=https%3a%2f%2flh3.googleusercontent.com%2f-B0WMAeYYPWo%2fVFDFK6YvlGI%2fAAAAAAAADok%2fJ2DMV2clUKc%2fs0%2fWolverine_and_the_X-Men_2009.jpg&amp;mode=1&amp;name=Wolverine%20and%20the%20X-Men&amp;url=cartoonhd_wolverine_and_the_x_men&quot;,return)</favourite>
	<favourite name="X-Men" thumb="https://lh6.googleusercontent.com/-aY-Qjb9LlIY/VHiWi-eqJBI/AAAAAAAAEQM/_rMKKRkQYqI/s0/x-men_1992.jpg">ActivateWindow(10025,&quot;plugin://plugin.video.cartoonhd/?description&amp;iconimage=https%3a%2f%2flh6.googleusercontent.com%2f-aY-Qjb9LlIY%2fVHiWi-eqJBI%2fAAAAAAAAEQM%2f_rMKKRkQYqI%2fs0%2fx-men_1992.jpg&amp;mode=1&amp;name=X-Men&amp;url=cartoon_xmen&quot;,return)</favourite>
	<favourite name="X-Men: Evolution" thumb="https://lh4.googleusercontent.com/-m6f5UtVZjbg/VEeFVTVTZ-I/AAAAAAAAAfo/kVxqdMKJuts/s0/X-Men_Evolution.jpg">ActivateWindow(10025,&quot;plugin://plugin.video.cartoonhd/?description&amp;iconimage=https%3a%2f%2flh4.googleusercontent.com%2f-m6f5UtVZjbg%2fVEeFVTVTZ-I%2fAAAAAAAAAfo%2fkVxqdMKJuts%2fs0%2fX-Men_Evolution.jpg&amp;mode=1&amp;name=X-Men%3a%20Evolution&amp;url=cartoonhd_x_men_evolution&quot;,return)</favourite>
</favourites>