<favourites>
	<favourite name="ESPN HD" thumb="http://repository.bbtsip.tv/Logos/SPORTS/BBTS_ESPN.png">PlayMedia(&quot;http://200.76.77.237/LIVE/H01/CANAL516/PROFILE03.m3u8?b?b*t$&amp;sf_options=fanart%3Dhttp%3A%2F%2Frepository.bbtsip.tv%2FLogos%2FFolders%2Fsports.jpg%26winID%3D10025%26_options_sf&quot;)</favourite>
	<favourite name="ESPN (US)" thumb="http://repository.bbtsip.tv/Logos/SPORTS/BBTS_ESPN.png">PlayMedia(&quot;rtmp://46.246.29.157:1935/stream/ playpath=1Kq68GX6Kc.stream swfUrl=http://thecdn.04stream.com/p/ooolo1.swf pageUrl=http://www.04stream.com/ebb.php?adsp=otherse&amp;width=600&amp;height=460?b?b*t$&amp;sf_options=fanart%3Dhttp%3A%2F%2Frepository.bbtsip.tv%2FLogos%2FFolders%2Fsports.jpg%26winID%3D10025%26_options_sf&quot;)</favourite>
	<favourite name="ESPN 2 (US)" thumb="http://repository.bbtsip.tv/Logos/SPORTS/BBTS_ESPN.png">PlayMedia(&quot;http://50.7.69.186:1935/edge/_definst_/5hd19kwxef5b59o/chunklist.m3u8?wowzasessionid=1420159722&amp;sf_options=fanart%3Dhttp%3A%2F%2Frepository.bbtsip.tv%2FLogos%2FFolders%2Fsports.jpg%26winID%3D10025%26_options_sf&quot;)</favourite>
	<favourite name="ESPN+ (Brasil)" thumb="http://repository.bbtsip.tv/Logos/SPORTS/BBTS_ESPN.png">PlayMedia(&quot;rtmp://31.204.128.74/live/master27?sf_options=fanart%3Dhttp%3A%2F%2Frepository.bbtsip.tv%2FLogos%2FFolders%2Fsports.jpg%26winID%3D10025%26_options_sf&quot;)</favourite>
	<favourite name="Espn 3 HD (Latino)" thumb="http://repository.bbtsip.tv/Logos/SPORTS/BBTS_Espn3.png">PlayMedia(&quot;http://200.76.77.237/LIVE/H01/CANAL520/PROFILE03.m3u8?b?b*t$&amp;sf_options=fanart%3Dhttp%3A%2F%2Frepository.bbtsip.tv%2FLogos%2FFolders%2Fsports.jpg%26winID%3D10025%26_options_sf&quot;)</favourite>
	<favourite name="Espn 2 HD (Latino)" thumb="http://repository.bbtsip.tv/Logos/SPORTS/BBTS_ESPN2.png">PlayMedia(&quot;http://200.76.77.237/LIVE/H01/CANAL561/PROFILE03.m3u8?b?b*t$&amp;sf_options=fanart%3Dhttp%3A%2F%2Frepository.bbtsip.tv%2FLogos%2FFolders%2Fsports.jpg%26winID%3D10025%26_options_sf&quot;)</favourite>
	<favourite name="Espn Vivo (Latino)" thumb="http://repository.bbtsip.tv/Logos/SPORTS/BBTS_Espn_VIVO.png">PlayMedia(&quot;http://200.76.77.237/LIVE/H01/CANAL558/PROFILE03.m3u8?b?b*t$&amp;sf_options=fanart%3Dhttp%3A%2F%2Frepository.bbtsip.tv%2FLogos%2FFolders%2Fsports.jpg%26winID%3D10025%26_options_sf&quot;)</favourite>
</favourites>