<favourites>
	<favourite name="Sky  Sports 3" thumb="special://home/Backgrounds/Colour Logo Pack/Sky Sports 3.png">SF_MANUAL_CMD_25</favourite>
	<favourite name="--------------------------------" thumb="">SF_MANUAL_CMD_8</favourite>
	<favourite name="SKY SPORTS 3 BACK UP" thumb="http://epg.serbianforum.org/logo_znaci/Sky%20Sports%203%20UK.png">PlayMedia(&quot;plugin://plugin.video.RobinHood-PPL-List/?url=rtmp%3A%2F%2F109.123.70.38%3A80%2Flive%2F+playpath%3Ds3c+token%3D%25Zrey%28nKa%40%23Z+swfUrl%3Dhttp%3A%2F%2Fp.jwpcdn.com%2F6%2F12%2Fjwplayer.flash.swf+live%3D1+timeout%3D13+pageUrl%3Dhttp%3A%2F%2Freytv.co%2F%0D&amp;mode=12&amp;sf_options=fanart%3Dhttp%3A%2F%2Fexcelsiorblackpool.com%2Fwp-content%2Fuploads%2F2013%2F06%2FArsenal-Wallpaper.jpg%26winID%3D10025%26_options_sf&quot;)</favourite>
	<favourite name="Sky sport 3" thumb="http://i.ytimg.com/vi/yE4Jxq-3SrM/hqdefault.jpg">PlayMedia(&quot;plugin://plugin.video.Halow/?url=rtmp%3A%2F%2F31.220.0.195%3A80%2Flive+playpath%3Ds3c+swfUrl%3Dhttp%3A%2F%2Fp.jwpcdn.com%2F6%2F11%2Fjwplayer.flash.swf+pageUrl%3Dhttp%3A%2F%2Freytv.co%2Fembedo.php%3Flive%3Dskysports2%26vw%3D620%26vh%3D490+token%3D%25Zrey%28nKa%40%23Z&amp;mode=3&amp;name=Sky+sport+3&amp;iconimage=http%3A%2F%2Fi.ytimg.com%2Fvi%2FyE4Jxq-3SrM%2Fhqdefault.jpg&amp;description=&amp;sf_options=fanart%3Dhttp%3A%2F%2Fi.ytimg.com%2Fvi%2FyE4Jxq-3SrM%2Fhqdefault.jpg%26winID%3D10025%26_options_sf&quot;)</favourite>
	<favourite name="Sky Sports 3" thumb="http://epg.serbianforum.org/logo_znaci/Sky%20Sports%203%20UK.png">PlayMedia(&quot;plugin://plugin.video.RobinHood-PPL-List/?url=rtmp%3A%2F%2F109.123.70.38%3A80%2Flive%2F+playpath%3Ds3c+token%3D%25Zrey%28nKa%40%23Z+swfUrl%3Dhttp%3A%2F%2Fp.jwpcdn.com%2F6%2F12%2Fjwplayer.flash.swf+live%3D1+timeout%3D13+pageUrl%3Dhttp%3A%2F%2Freytv.co%2F&amp;mode=12&amp;sf_options=fanart%3Dhttp%3A%2F%2Fi.guim.co.uk%2Fstatic%2Fw-460%2Fh--%2Fq-95%2Fsys-images%2FSport%2FPix%2Fpictures%2F2011%2F12%2F7%2F1323285434111%2FSky-Sports-Formula-1-Team-007.jpg%26winID%3D10025%26_options_sf&quot;)</favourite>
</favourites>