<favourites>
	<favourite name="PAC 12 Bay Area" thumb="http://repository.bbtsip.tv/Logos/SPORTS/BBTS_Pac12.png">PlayMedia(&quot;http://www.xrxs.net/video/live-p12baya-4728.m3u8?b?b*t$&amp;sf_options=fanart%3Dhttp%3A%2F%2Frepository.bbtsip.tv%2FLogos%2FFolders%2Fsports.jpg%26winID%3D10025%26_options_sf&quot;)</favourite>
	<favourite name="PAC 12 Arizona" thumb="http://repository.bbtsip.tv/Logos/SPORTS/BBTS_Pac12.png">PlayMedia(&quot;http://www.xrxs.net/video/live-p12ariz-4728.m3u8?b?b*t$&amp;sf_options=fanart%3Dhttp%3A%2F%2Frepository.bbtsip.tv%2FLogos%2FFolders%2Fsports.jpg%26winID%3D10025%26_options_sf&quot;)</favourite>
	<favourite name="PAC 12 National" thumb="http://repository.bbtsip.tv/Logos/SPORTS/BBTS_Pac12.png">PlayMedia(&quot;http://www.xrxs.net/video/live-p12netw-4728.m3u8?b?b*t$&amp;sf_options=fanart%3Dhttp%3A%2F%2Frepository.bbtsip.tv%2FLogos%2FFolders%2Fsports.jpg%26winID%3D10025%26_options_sf&quot;)</favourite>
	<favourite name="PAC 12 Network" thumb="http://repository.bbtsip.tv/Logos/SPORTS/BBTS_Pac12.png">PlayMedia(&quot;http://pac12hd2-lh.akamaihd.net/i/p12netw_delivery@132840/index_2328_av-p.m3u8?sd=10&amp;rebase=on#?b?b*t$&amp;sf_options=fanart%3Dhttp%3A%2F%2Frepository.bbtsip.tv%2FLogos%2FFolders%2Fsports.jpg%26winID%3D10025%26_options_sf&quot;)</favourite>
	<favourite name="PAC 12 Los Angeles" thumb="http://repository.bbtsip.tv/Logos/SPORTS/BBTS_Pac12.png">PlayMedia(&quot;http://xrxs.net/video/live-p12losa-4728.m3u8?b?b*t$&amp;sf_options=fanart%3Dhttp%3A%2F%2Frepository.bbtsip.tv%2FLogos%2FFolders%2Fsports.jpg%26winID%3D10025%26_options_sf&quot;)</favourite>
	<favourite name="PAC 12 Mountain" thumb="http://repository.bbtsip.tv/Logos/SPORTS/BBTS_Pac12.png">PlayMedia(&quot;http://xrxs.net/video/live-p12moun-4728.m3u8?b?b*t$&amp;sf_options=fanart%3Dhttp%3A%2F%2Frepository.bbtsip.tv%2FLogos%2FFolders%2Fsports.jpg%26winID%3D10025%26_options_sf&quot;)</favourite>
	<favourite name="PAC-12 Oregon" thumb="http://repository.bbtsip.tv/Logos/SPORTS/BBTS_Pac12.png">PlayMedia(&quot;http://xrxs.net/video/live-p12oreg-4728.m3u8?b?b*t$&amp;sf_options=fanart%3Dhttp%3A%2F%2Frepository.bbtsip.tv%2FLogos%2FFolders%2Fsports.jpg%26winID%3D10025%26_options_sf&quot;)</favourite>
	<favourite name="PAC-12 Washington" thumb="http://repository.bbtsip.tv/Logos/SPORTS/BBTS_Pac12.png">PlayMedia(&quot;http://xrxs.net/video/live-p12wash-4728.m3u8?b?b*t$&amp;sf_options=fanart%3Dhttp%3A%2F%2Frepository.bbtsip.tv%2FLogos%2FFolders%2Fsports.jpg%26winID%3D10025%26_options_sf&quot;)</favourite>
</favourites>