<favourites>
	<favourite name="BT Sports 2" thumb="special://home/Backgrounds/Colour Logo Pack/BT Sport 2.png">SF_MANUAL_CMD_6</favourite>
	<favourite name="--------------------------------" thumb="">SF_MANUAL_CMD_8</favourite>
	<favourite name="Link 1" thumb="">PlayMedia(&quot;plugin://plugin.video.RobinHood-PPL-List/?url=rtmp%3A%2F%2F178.18.31.61%3A443%2Fliverepeater+playpath%3D191836+token%3D%23atd%25%23%24ZH+swfUrl%3Dhttp%3A%2F%2Fbernardotv.club%2Fgofuckyourself.swf+live%3D1+timeout%3D13+pageUrl%3Dhttp%3A%2F%2Fbiggestplayer.me%2F%0D%0D&amp;mode=12&amp;sf_options=winID%3D10025%26_options_sf&quot;)</favourite>
	<favourite name="BT Sport 2" thumb="http://repository.bbtsip.tv/Logos/SPORTS/BBTS_BT_SPORT.png">PlayMedia(&quot;rtmp://89.248.172.159:443/liverepeater playpath=15 swfUrl=http://popeoftheplayers.eu/atdedead.swf pageUrl=http://popeoftheplayers.eu/player3.php?id=23&amp;width=600&amp;height=450?b?b*t$ token=#atd%#$ZH&amp;sf_options=fanart%3Dhttp%3A%2F%2Frepository.bbtsip.tv%2FLogos%2FFolders%2Fsports.jpg%26winID%3D10025%26_options_sf&quot;)</favourite>
</favourites>