<favourites>
	<favourite name="SuperSport 1 (HD)" thumb="http://repository.bbtsip.tv/Logos/SPORTS/BBTS_supersport.png">PlayMedia(&quot;http://81.7.13.162/hls/ss1/index.m3u8?b?b*t$&amp;sf_options=fanart%3Dhttp%3A%2F%2Frepository.bbtsip.tv%2FLogos%2FFolders%2Fsports.jpg%26winID%3D10025%26_options_sf&quot;)</favourite>
	<favourite name="Supersport 2 (HD)" thumb="http://repository.bbtsip.tv/Logos/SPORTS/BBTS_supersport.png">PlayMedia(&quot;http://81.7.13.162/hls/ss2/index.m3u8?b?b*t$&amp;sf_options=fanart%3Dhttp%3A%2F%2Frepository.bbtsip.tv%2FLogos%2FFolders%2Fsports.jpg%26winID%3D10025%26_options_sf&quot;)</favourite>
	<favourite name="SuperSport 3 (HD)" thumb="http://repository.bbtsip.tv/Logos/SPORTS/BBTS_supersport.png">PlayMedia(&quot;http://81.7.13.162/hls/ss3/index.m3u8?b?b*t$&amp;sf_options=fanart%3Dhttp%3A%2F%2Frepository.bbtsip.tv%2FLogos%2FFolders%2Fsports.jpg%26winID%3D10025%26_options_sf&quot;)</favourite>
	<favourite name="SuperSport 4 (HD)" thumb="http://repository.bbtsip.tv/Logos/SPORTS/BBTS_supersport.png">PlayMedia(&quot;http://81.7.13.162/hls/ss4/index.m3u8?b?b*t$&amp;sf_options=fanart%3Dhttp%3A%2F%2Frepository.bbtsip.tv%2FLogos%2FFolders%2Fsports.jpg%26winID%3D10025%26_options_sf&quot;)</favourite>
</favourites>