<favourites>
	<favourite name="At The Races UK" thumb="special://home/Backgrounds/Colour Logo Pack/At The Races.png">SF_MANUAL_CMD_33</favourite>
	<favourite name="--------------------------------" thumb="">SF_MANUAL_CMD_8</favourite>
	<favourite name="Link 1" thumb="http://epg.serbianforum.org/logo_znaci/At%20The%20Races%20UK.png">PlayMedia(&quot;plugin://plugin.video.RobinHood-PPL-List/?url=rtmp%3A%2F%2F31.220.0.195%3A80%2Flive%2F+playpath%3Datracessa+token%3D%25Zrey%28nKa%40%23Z+swfUrl%3Dhttp%3A%2F%2Fp.jwpcdn.com%2F6%2F11%2Fjwplayer.flash.swf+live%3D1+timeout%3D13+pageUrl%3Dhttp%3A%2F%2Freytv.co%2F&amp;mode=12&amp;sf_options=fanart%3Dhttp%3A%2F%2Fwallpapers111.com%2Fwp-content%2Fuploads%2F2015%2F01%2FHorse-Racing-HD-Wallpapers-1.jpg%26winID%3D10025%26_options_sf&quot;)</favourite>
	<favourite name="At The Races (Australia)" thumb="http://repository.bbtsip.tv/Logos/SPORTS/BBTS_Sky_racing.png">PlayMedia(&quot;rtmp://31.220.0.195:80/live/ playpath=atracessa token=%Zrey(nKa@#Z swfUrl=http://p.jwpcdn.com/6/11/jwplayer.flash.swf live=1 timeout=13 pageUrl=http://reytv.co?sf_options=fanart%3Dhttp%3A%2F%2Frepository.bbtsip.tv%2FLogos%2FFolders%2Fsports.jpg%26winID%3D10025%26_options_sf&quot;)</favourite>
</favourites>