<favourites>
	<favourite name="Games" thumb="special://home/addons/plugin.video.football.today/resources/art/videos_games.png">ActivateWindow(10025,&quot;plugin://plugin.video.football.today/?action=videos_games&amp;sf_options=fanart%3Dspecial%3A%2F%2Fhome%2Faddons%2Fplugin.video.football.today%2Ffanart.jpg%26_options_sf&quot;,return)</favourite>
	<favourite name="Highlights" thumb="special://home/addons/plugin.video.football.today/resources/art/videos_highlights.png">ActivateWindow(10025,&quot;plugin://plugin.video.football.today/?action=videos_highlights&amp;sf_options=fanart%3Dspecial%3A%2F%2Fhome%2Faddons%2Fplugin.video.football.today%2Ffanart.jpg%26_options_sf&quot;,return)</favourite>
	<favourite name="Search" thumb="special://home/addons/plugin.video.football.today/resources/art/videos_search.png">ActivateWindow(10025,&quot;plugin://plugin.video.football.today/?action=videos_search&amp;sf_options=fanart%3Dspecial%3A%2F%2Fhome%2Faddons%2Fplugin.video.football.today%2Ffanart.jpg%26_options_sf&quot;,return)</favourite>
	<favourite name="Premier League" thumb="special://home/addons/plugin.video.football.today/resources/art/videos_premierleague.png">ActivateWindow(10025,&quot;plugin://plugin.video.football.today/?action=videos_premierleague&amp;sf_options=fanart%3Dspecial%3A%2F%2Fhome%2Faddons%2Fplugin.video.football.today%2Ffanart.jpg%26_options_sf&quot;,return)</favourite>
	<favourite name="La Liga" thumb="special://home/addons/plugin.video.football.today/resources/art/videos_laliga.png">ActivateWindow(10025,&quot;plugin://plugin.video.football.today/?action=videos_laliga&amp;sf_options=fanart%3Dspecial%3A%2F%2Fhome%2Faddons%2Fplugin.video.football.today%2Ffanart.jpg%26_options_sf&quot;,return)</favourite>
	<favourite name="Bundesliga" thumb="special://home/addons/plugin.video.football.today/resources/art/videos_bundesliga.png">ActivateWindow(10025,&quot;plugin://plugin.video.football.today/?action=videos_bundesliga&amp;sf_options=fanart%3Dspecial%3A%2F%2Fhome%2Faddons%2Fplugin.video.football.today%2Ffanart.jpg%26_options_sf&quot;,return)</favourite>
	<favourite name="Serie A" thumb="special://home/addons/plugin.video.football.today/resources/art/videos_seriea.png">ActivateWindow(10025,&quot;plugin://plugin.video.football.today/?action=videos_seriea&amp;sf_options=fanart%3Dspecial%3A%2F%2Fhome%2Faddons%2Fplugin.video.football.today%2Ffanart.jpg%26_options_sf&quot;,return)</favourite>
	<favourite name="Ligue 1" thumb="special://home/addons/plugin.video.football.today/resources/art/videos_ligue1.png">ActivateWindow(10025,&quot;plugin://plugin.video.football.today/?action=videos_ligue1&amp;sf_options=fanart%3Dspecial%3A%2F%2Fhome%2Faddons%2Fplugin.video.football.today%2Ffanart.jpg%26_options_sf&quot;,return)</favourite>
	<favourite name="Eredivisie" thumb="special://home/addons/plugin.video.football.today/resources/art/videos_eredivisie.png">ActivateWindow(10025,&quot;plugin://plugin.video.football.today/?action=videos_eredivisie&amp;sf_options=fanart%3Dspecial%3A%2F%2Fhome%2Faddons%2Fplugin.video.football.today%2Ffanart.jpg%26_options_sf&quot;,return)</favourite>
	<favourite name="Primeira Liga" thumb="special://home/addons/plugin.video.football.today/resources/art/videos_primeiraliga.png">ActivateWindow(10025,&quot;plugin://plugin.video.football.today/?action=videos_primeiraliga&amp;sf_options=fanart%3Dspecial%3A%2F%2Fhome%2Faddons%2Fplugin.video.football.today%2Ffanart.jpg%26_options_sf&quot;,return)</favourite>
	<favourite name="UEFA Champions League" thumb="special://home/addons/plugin.video.football.today/resources/art/videos_uefachampionleague.png">ActivateWindow(10025,&quot;plugin://plugin.video.football.today/?action=videos_uefachampionleague&amp;sf_options=fanart%3Dspecial%3A%2F%2Fhome%2Faddons%2Fplugin.video.football.today%2Ffanart.jpg%26_options_sf&quot;,return)</favourite>
	<favourite name="UEFA Europa League" thumb="special://home/addons/plugin.video.football.today/resources/art/videos_uefaeuropaleague.png">ActivateWindow(10025,&quot;plugin://plugin.video.football.today/?action=videos_uefaeuropaleague&amp;sf_options=fanart%3Dspecial%3A%2F%2Fhome%2Faddons%2Fplugin.video.football.today%2Ffanart.jpg%26_options_sf&quot;,return)</favourite>
	<favourite name="Copa Libertadores" thumb="special://home/addons/plugin.video.football.today/resources/art/videos_copalibertadores.png">ActivateWindow(10025,&quot;plugin://plugin.video.football.today/?action=videos_copalibertadores&amp;sf_options=fanart%3Dspecial%3A%2F%2Fhome%2Faddons%2Fplugin.video.football.today%2Ffanart.jpg%26_options_sf&quot;,return)</favourite>
</favourites>