<favourites>
	<favourite name="Top Concerts" thumb="special://home/addons\plugin.video.concertarchive\art\icon_menu_topconcerts.jpg">ActivateWindow(10025,&quot;plugin://plugin.video.concertarchive/?description&amp;mode=1&amp;name=Top%20Concerts&amp;url=http%3a%2f%2fwww.concertsvideos.com%2ftop-concerts&amp;sf_options=fanart%3Dspecial%3A%2F%2Fhome%2Faddons%5Cplugin.video.concertarchive%5Cfanart.jpg%26_options_sf&quot;,return)</favourite>
	<favourite name="New Concerts" thumb="special://home/addons\plugin.video.concertarchive\art\icon_menu_newconcerts.jpg">ActivateWindow(10025,&quot;plugin://plugin.video.concertarchive/?description&amp;mode=1&amp;name=New%20Concerts&amp;url=http%3a%2f%2fwww.concertsvideos.com%2fnew-concerts&amp;sf_options=fanart%3Dspecial%3A%2F%2Fhome%2Faddons%5Cplugin.video.concertarchive%5Cfanart.jpg%26_options_sf&quot;,return)</favourite>
	<favourite name="Artists" thumb="special://home/addons\plugin.video.concertarchive\art\icon_menu_byartist.jpg">ActivateWindow(10025,&quot;plugin://plugin.video.concertarchive/?description&amp;mode=2&amp;name=Artists&amp;url=http%3a%2f%2fwww.concertsvideos.com%2fartists&amp;sf_options=fanart%3Dspecial%3A%2F%2Fhome%2Faddons%5Cplugin.video.concertarchive%5Cfanart.jpg%26_options_sf&quot;,return)</favourite>
	<favourite name="Search" thumb="special://home/addons\plugin.video.concertarchive\art\icon_menu_searcharchives.jpg">ActivateWindow(10025,&quot;plugin://plugin.video.concertarchive/?description&amp;mode=9&amp;name=Search&amp;url=url&amp;sf_options=fanart%3Dspecial%3A%2F%2Fhome%2Faddons%5Cplugin.video.concertarchive%5Cfanart.jpg%26_options_sf&quot;,return)</favourite>
	<favourite name="Top Concerts (audio)" thumb="special://home/addons\plugin.video.concertarchive\art\icon_menu_audio_topconcerts.png">ActivateWindow(10025,&quot;plugin://plugin.video.concertarchive/?description=a&amp;mode=51&amp;name=Top%20Concerts%20(audio)&amp;url=http%3a%2f%2ftela.sugarmegs.org%2fMostListened.aspx&amp;sf_options=fanart%3Dspecial%3A%2F%2Fhome%2Faddons%5Cplugin.video.concertarchive%5Cart%5Cfanart_audio.jpg%26_options_sf&quot;,return)</favourite>
	<favourite name="New Concerts (audio)" thumb="special://home/addons\plugin.video.concertarchive\art\icon_menu_audio_newconcerts.png">ActivateWindow(10025,&quot;plugin://plugin.video.concertarchive/?description=a&amp;mode=51&amp;name=New%20Concerts%20(audio)&amp;url=http%3a%2f%2ftela.sugarmegs.org%2flatestadditions.aspx&amp;sf_options=fanart%3Dspecial%3A%2F%2Fhome%2Faddons%5Cplugin.video.concertarchive%5Cart%5Cfanart_audio.jpg%26_options_sf&quot;,return)</favourite>
	<favourite name="Artists (audio)" thumb="special://home/addons\plugin.video.concertarchive\art\icon_menu_audio_byartist.png">ActivateWindow(10025,&quot;plugin://plugin.video.concertarchive/?description=a&amp;mode=53&amp;name=Artists%20(audio)&amp;url=url&amp;sf_options=fanart%3Dspecial%3A%2F%2Fhome%2Faddons%5Cplugin.video.concertarchive%5Cart%5Cfanart_audio.jpg%26_options_sf&quot;,return)</favourite>
	<favourite name="Search (audio)" thumb="special://home/addons\plugin.video.concertarchive\art\icon_menu_audio_searcharchives.png">ActivateWindow(10025,&quot;plugin://plugin.video.concertarchive/?description=a&amp;mode=52&amp;name=Search%20(audio)&amp;url=url&amp;sf_options=fanart%3Dspecial%3A%2F%2Fhome%2Faddons%5Cplugin.video.concertarchive%5Cart%5Cfanart_audio.jpg%26_options_sf&quot;,return)</favourite>
</favourites>