<favourites>
	<favourite name="Racing UK" thumb="special://home/Backgrounds/Colour Logo Pack/Racing UK.png">SF_MANUAL_CMD_20</favourite>
	<favourite name="--------------------------------" thumb="">SF_MANUAL_CMD_8</favourite>
	<favourite name="Link 1" thumb="">PlayMedia(&quot;plugin://plugin.video.aaastream/?url=rtmp%3A%2F%2Frrbalancer.broadcast.tneg.de%3A1935%2Fpw%2Fruk%2F+playpath%3Druk+swfUrl%3Dhttp%3A%2F%2Fpferdewetten.broadcast.tneg.de%2Fjwplayer%2Fplayer.swf+live%3D1+pageUrl%3Dhttp%3A%2F%2Fpferdewetten.broadcast.tneg.de%2Fjwplayer%2Fplayer.php%3Ftype%3Dlive%26stream%3Druk1%26token%3Dccf6c54e62bc5bd667661d5af5d61e8664c75b11&amp;mode=3&amp;name=%5BCOLOR+lime%5DRACING+UK%5B%2FCOLOR%5D&amp;iconimage=http%3A%2F%2Fepg.serbianforum.org%2Flogo_znaci%2FRacing%2520UK.png&amp;description=&amp;sf_options=winID%3D10025%26_options_sf&quot;)</favourite>
	<favourite name="Racing UK" thumb="http://repository.bbtsip.tv/Logos/SPORTS/BBTS_RACING_UK_N.png">PlayMedia(&quot;rtmp://rrbalancer.broadcast.tneg.de:1935/pw/ruk/ playpath=ruk swfUrl=http://pferdewetten.broadcast.tneg.de/jwplayer/player.swf live=1 pageUrl=http://pferdewetten.broadcast.tneg.de/jwplayer/player.php?type=live&amp;stream=ruk1&amp;token=ccf6c54e62bc5bd667661d5af5d61e8664c75b11?b?b*t$&amp;sf_options=fanart%3Dhttp%3A%2F%2Frepository.bbtsip.tv%2FLogos%2FFolders%2Fsports.jpg%26winID%3D10025%26_options_sf&quot;)</favourite>
</favourites>