<favourites>
	<favourite name="Genres" thumb="special://home/addons\plugin.video.genesis\resources/art\metro\genres_movies.jpg">ActivateWindow(10025,&quot;plugin://plugin.video.genesis/?action=genres_movies&amp;sf_options=fanart%3Dspecial%3A%2F%2Fhome%2Fmedia%2FMovies.jpg%26_options_sf&quot;,return)</favourite>
	<favourite name="Box Office" thumb="special://home/addons\plugin.video.genesis\resources/art\metro\movies_boxoffice.jpg">ActivateWindow(10025,&quot;plugin://plugin.video.genesis/?action=movies_boxoffice&amp;sf_options=fanart%3Dspecial%3A%2F%2Fhome%2Fmedia%2FMovies.jpg%26_options_sf&quot;,return)</favourite>
	<favourite name="Box Office by Year" thumb="special://home/addons\plugin.video.genesis\resources/art\metro\years_movies.jpg">ActivateWindow(10025,&quot;plugin://plugin.video.genesis/?action=years_movies&amp;sf_options=fanart%3Dspecial%3A%2F%2Fhome%2Fmedia%2FMovies.jpg%26_options_sf&quot;,return)</favourite>
	<favourite name="People Watching" thumb="special://home/addons\plugin.video.genesis\resources/art\metro\movies_trending.jpg">ActivateWindow(10025,&quot;plugin://plugin.video.genesis/?action=movies_trending&amp;sf_options=fanart%3Dspecial%3A%2F%2Fhome%2Fmedia%2FMovies.jpg%26_options_sf&quot;,return)</favourite>
	<favourite name="Most Popular" thumb="special://home/addons\plugin.video.genesis\resources/art\metro\movies_popular.jpg">ActivateWindow(10025,&quot;plugin://plugin.video.genesis/?action=movies_popular&amp;sf_options=fanart%3Dspecial%3A%2F%2Fhome%2Fmedia%2FMovies.jpg%26_options_sf&quot;,return)</favourite>
	<favourite name="Most Voted" thumb="special://home/addons\plugin.video.genesis\resources/art\metro\movies_views.jpg">ActivateWindow(10025,&quot;plugin://plugin.video.genesis/?action=movies_views&amp;sf_options=fanart%3Dspecial%3A%2F%2Fhome%2Fmedia%2FMovies.jpg%26_options_sf&quot;,return)</favourite>
	<favourite name="Oscar Winners" thumb="special://home/addons\plugin.video.genesis\resources/art\metro\movies_oscars.jpg">ActivateWindow(10025,&quot;plugin://plugin.video.genesis/?action=movies_oscars&amp;sf_options=fanart%3Dspecial%3A%2F%2Fhome%2Fmedia%2FMovies.jpg%26_options_sf&quot;,return)</favourite>
	<favourite name="In Theaters" thumb="special://home/addons\plugin.video.genesis\resources/art\metro\movies_theaters.jpg">ActivateWindow(10025,&quot;plugin://plugin.video.genesis/?action=movies_theaters&amp;sf_options=fanart%3Dspecial%3A%2F%2Fhome%2Fmedia%2FMovies.jpg%26_options_sf&quot;,return)</favourite>
	<favourite name="Latest HD Movies" thumb="special://home/addons\plugin.video.genesis\resources/art\metro\movies_added_hd.jpg">ActivateWindow(10025,&quot;plugin://plugin.video.genesis/?action=movies_added_hd&amp;sf_options=fanart%3Dspecial%3A%2F%2Fhome%2Fmedia%2FMovies.jpg%26_options_sf&quot;,return)</favourite>
	<favourite name="Latest Movies" thumb="special://home/addons\plugin.video.genesis\resources/art\metro\movies_added.jpg">ActivateWindow(10025,&quot;plugin://plugin.video.genesis/?action=movies_added&amp;sf_options=fanart%3Dspecial%3A%2F%2Fhome%2Fmedia%2FMovies.jpg%26_options_sf&quot;,return)</favourite>
	<favourite name="Actors Search" thumb="special://home/addons\plugin.video.genesis\resources/art\metro\people_movies.jpg">ActivateWindow(10025,&quot;plugin://plugin.video.genesis/?action=people_movies&amp;sf_options=fanart%3Dspecial%3A%2F%2Fhome%2Fmedia%2FMovies.jpg%26_options_sf&quot;,return)</favourite>
	<favourite name="Title Search" thumb="special://home/addons\plugin.video.genesis\resources/art\metro\movies_search.jpg">ActivateWindow(10025,&quot;plugin://plugin.video.genesis/?action=movies_search&amp;sf_options=fanart%3Dspecial%3A%2F%2Fhome%2Fmedia%2FMovies.jpg%26_options_sf&quot;,return)</favourite>
	<favourite name="Refresh Menus (Last Refresh 24/03/2015" thumb="DefaultFile.png">PlayMedia(&quot;plugin://plugin.program.super.favourites/?label=Import+from+remote+file&amp;mode=3100&amp;image=DefaultFile.png&quot;)</favourite>
</favourites>