<favourites>
	<favourite name="Best Selling Albums" thumb="http://kinkin-xbmc-repository.googlecode.com/svn/trunk/zips/plugin.audio.binaural/art/best_selling_albums.png">ActivateWindow(10025,&quot;plugin://plugin.audio.binaural/?artist&amp;iconimage=http%3a%2f%2fkinkin-xbmc-repository.googlecode.com%2fsvn%2ftrunk%2fzips%2fplugin.audio.binaural%2fart%2fbest_selling_albums.png&amp;mode=1070&amp;name=Best%20Selling%20Albums&amp;url=http%3a%2f%2fwww.itemvn.com%2fbestsellers%2f&amp;sf_options=fanart%3Dspecial%3A%2F%2Fhome%2Fmedia%2FMusic.jpg%26_options_sf&quot;,return)</favourite>
	<favourite name="Hot Artists" thumb="http://kinkin-xbmc-repository.googlecode.com/svn/trunk/zips/plugin.audio.binaural/art/hot_artists.png">ActivateWindow(10025,&quot;plugin://plugin.audio.binaural/?artist&amp;iconimage=http%3a%2f%2fkinkin-xbmc-repository.googlecode.com%2fsvn%2ftrunk%2fzips%2fplugin.audio.binaural%2fart%2fhot_artists.png&amp;mode=1070&amp;name=Hot%20Artists&amp;url=http%3a%2f%2fwww.itemvn.com%2ftopartists%2f&amp;sf_options=fanart%3Dspecial%3A%2F%2Fhome%2Fmedia%2FMusic.jpg%26_options_sf&quot;,return)</favourite>
	<favourite name="Artist A-Z" thumb="http://kinkin-xbmc-repository.googlecode.com/svn/trunk/zips/plugin.audio.binaural/art/artists_a-z.png">ActivateWindow(10025,&quot;plugin://plugin.audio.binaural/?artist&amp;iconimage=http%3a%2f%2fkinkin-xbmc-repository.googlecode.com%2fsvn%2ftrunk%2fzips%2fplugin.audio.binaural%2fart%2fartists_a-z.png&amp;mode=1010&amp;name=Artist%20A-Z&amp;url=url&amp;sf_options=fanart%3Dspecial%3A%2F%2Fhome%2Fmedia%2FMusic.jpg%26_options_sf&quot;,return)</favourite>
	<favourite name="Search" thumb="http://kinkin-xbmc-repository.googlecode.com/svn/trunk/zips/plugin.audio.binaural/art/search.png">ActivateWindow(10025,&quot;plugin://plugin.audio.binaural/?artist&amp;iconimage=http%3a%2f%2fkinkin-xbmc-repository.googlecode.com%2fsvn%2ftrunk%2fzips%2fplugin.audio.binaural%2fart%2fsearch.png&amp;mode=1201&amp;name=Search&amp;url=url&amp;sf_options=fanart%3Dspecial%3A%2F%2Fhome%2Fmedia%2FMusic.jpg%26_options_sf&quot;,return)</favourite>
	<favourite name="Moods - play what you feel" thumb="http://kinkin-xbmc-repository.googlecode.com/svn/trunk/zips/plugin.audio.binaural/art/moods.png">ActivateWindow(10025,&quot;plugin://plugin.audio.binaural/?artist&amp;iconimage=http%3a%2f%2fkinkin-xbmc-repository.googlecode.com%2fsvn%2ftrunk%2fzips%2fplugin.audio.binaural%2fart%2fmoods.png&amp;mode=1203&amp;name=Moods%20-%20play%20what%20you%20feel&amp;url=url&amp;sf_options=fanart%3Dspecial%3A%2F%2Fhome%2Fmedia%2FMusic.jpg%26_options_sf&quot;,return)</favourite>
	<favourite name="90s" thumb="DefaultPlaylist.png">ActivateWindow(10025,&quot;plugin://plugin.video.80smusicvideos/?mode=300&amp;url=http%3a%2f%2fwww.90smusicvidz.com%2f&quot;,return)</favourite>
</favourites>