<favourites>
	<favourite name="EuroSport" thumb="http://repository.bbtsip.tv/Logos/SPORTS/BBTS_Eurosport.png">PlayMedia(&quot;http://esioslive6-i.akamaihd.net/hls/live/202874/AL_P_ESP1_INTER_ENG/playlist_1800.m3u8?b?b*t$&amp;sf_options=fanart%3Dhttp%3A%2F%2Frepository.bbtsip.tv%2FLogos%2FFolders%2Fsports.jpg%26winID%3D10025%26_options_sf&quot;)</favourite>
	<favourite name="British Eurosport 2 (1)" thumb="http://repository.bbtsip.tv/Logos/SPORTS/BBTS_Eurosport_British2.png">PlayMedia(&quot;rtmp://80.82.78.85:443/liverepeater/ playpath=28 token=#atd%#$ZH swfUrl=http://popeoftheplayers.pw/atdedead.swf live=1 timeout=13 pageUrl=http://popeoftheplayers.eu/?b?b*t$&amp;sf_options=fanart%3Dhttp%3A%2F%2Frepository.bbtsip.tv%2FLogos%2FFolders%2Fsports.jpg%26winID%3D10025%26_options_sf&quot;)</favourite>
	<favourite name="British Eurosport 2 (2)" thumb="http://repository.bbtsip.tv/Logos/SPORTS/BBTS_Eurosport_British2.png">PlayMedia(&quot;rtmp://80.82.78.26:443/liverepeater/ playpath=21 swfUrl=http://popeoftheplayers.pw/atdedead.swf live=1 timeout=13 pageUrl=http://popeoftheplayers.eu/?b?b*t$  token=#atd%#$ZH&amp;sf_options=fanart%3Dhttp%3A%2F%2Frepository.bbtsip.tv%2FLogos%2FFolders%2Fsports.jpg%26winID%3D10025%26_options_sf&quot;)</favourite>
	<favourite name="Eurosport HD (France)" thumb="http://repository.bbtsip.tv/Logos/SPORTS/BBTS_Eurosport.png">PlayMedia(&quot;http://esioslive6-i.akamaihd.net/hls/live/202892/AL_P_ESP1_FR_FRA/playlist_1800.m3u8?b?b*t$&amp;sf_options=fanart%3Dhttp%3A%2F%2Frepository.bbtsip.tv%2FLogos%2FFolders%2Fsports.jpg%26winID%3D10025%26_options_sf&quot;)</favourite>
	<favourite name="Euro Sport HD 2 (Rus/Eng)" thumb="http://repository.bbtsip.tv/Logos/SPORTS/BBTS_Eurosport_2_HD.png">PlayMedia(&quot;http://hlsstr02.svc.iptv.rt.ru/hls/CH_EUROSPORT2/variant.m3u8?version=2&amp;sf_options=fanart%3Dhttp%3A%2F%2Frepository.bbtsip.tv%2FLogos%2FFolders%2Fsports.jpg%26winID%3D10025%26_options_sf&quot;)</favourite>
</favourites>