<window>
	<animation effect="fade" time="100">WindowOpen</animation>
	<animation effect="fade" time="200">WindowClose</animation>
	<coordinates>
		<system>1</system>
		<posx>0</posx>
		<posy>0</posy>
	</coordinates>
	<controls>
		<control type="group">
			<posx>515</posx>
			<posy>325</posy>
			<control type="image">
				<description>background image</description>
				<posx>0</posx>
				<posy>0</posy>
				<width>250</width>
				<height>70</height>
				<texture border="20">OverlayDialogBackground.png</texture>
			</control>
			<control type="image">
				<description>Busy animation</description>
				<posx>20</posx>
				<posy>20</posy>
				<width>32</width>
				<height>32</height>
				<texture>busy.png</texture>
				<aspectratio>keep</aspectratio>
				<animation effect="rotate" start="0" end="360" center="36,36" time="1200" loop="true" condition="true">conditional</animation>
			</control>
			<control type="label">
				<description>Busy Line 1</description>
				<posx>60</posx>
				<posy>8</posy>
				<width>180</width>
				<height>32</height>
				<align>left</align>
				<aligny>center</aligny>
				<label>$ADDON[script.tlbb 25]</label>
				<font>font12</font>
			</control>
                                <control type="label">
				<description>Busy Line 1</description>
				<posx>60</posx>
				<posy>28</posy>
				<width>180</width>
				<height>32</height>
				<align>left</align>
				<aligny>center</aligny>
				<label>$ADDON[script.tlbb 26]</label>
				<font>font12</font>
			</control>
		</control>
	</controls>
</window>
