<favourites>
	<favourite name="Sky Sports News" thumb="special://home/Backgrounds/Colour Logo Pack/Sky Sports News.png">SF_MANUAL_CMD_29</favourite>
	<favourite name="--------------------------------" thumb="">SF_MANUAL_CMD_8</favourite>
	<favourite name="Link 1" thumb="">PlayMedia(&quot;plugin://plugin.video.RobinHood-PPL-List/?url=rtmp%3A%2F%2F31.220.0.195%3A80%2Flive%2F+playpath%3Dsnc+token%3D%25Zrey%28nKa%40%23Z+swfUrl%3Dhttp%3A%2F%2Fp.jwpcdn.com%2F6%2F12%2Fjwplayer.flash.swf+live%3D1+timeout%3D13+pageUrl%3Dhttp%3A%2F%2Freytv.co%2F%0D&amp;mode=12&amp;sf_options=winID%3D10025%26_options_sf&quot;)</favourite>
	<favourite name="sky sports News" thumb="http://repository.bbtsip.tv/Logos/SPORTS/BBTS_SKY_SPORT.png">PlayMedia(&quot;rtmp://31.220.0.195:80/live playpath=snc swfUrl=http://p.jwpcdn.com/6/11/jwplayer.flash.swf pageUrl=http://reytv.co/embedo.php?live=skysports2&amp;vw=620&amp;vh=490?b?b*t$ token=%Zrey(nKa@#Z&amp;sf_options=fanart%3Dhttp%3A%2F%2Frepository.bbtsip.tv%2FLogos%2FFolders%2Fsports.jpg%26winID%3D10025%26_options_sf&quot;)</favourite>
	<favourite name="SKY SPORTS NEWS BACK UP" thumb="http://epg.serbianforum.org/logo_znaci/Sky%20Sports%20News%20UK.png">PlayMedia(&quot;plugin://plugin.video.RobinHood-PPL-List/?url=rtmp%3A%2F%2F192.95.32.74%2Flive%2F+playpath%3Dskynews++swfUrl%3Dhttp%3A%2F%2Fp.jwpcdn.com%2F6%2F11%2Fjwplayer.flash.swf+pageUrl%3Dhttp%3A%2F%2Frarehost.net%2Famember%2Fvip%2Fskynews.php+live%3Dtrue+timeout%3D20+token%3DWY846p1E1g15W7s&amp;mode=12&amp;sf_options=fanart%3Dhttp%3A%2F%2Fexcelsiorblackpool.com%2Fwp-content%2Fuploads%2F2013%2F06%2FArsenal-Wallpaper.jpg%26winID%3D10025%26_options_sf&quot;)</favourite>
</favourites>